ID;Bezeichnung (DE);Kommentar (DE);;
113A;TERRA GREY (A);A;;
114A;TUNDRA (A);A;;
139A;READY TO PAINT (A);A;;
165A;LAVA (A);A;;
197A;OLD FOREST OAK (A);A;;
198A;NEW FOREST OAK (A);A;;
204A;UMBRA (A);A;;
206A;PASTEL BARDOLIA (A);A;;
226A;DARK FOREST OAK (A);A;;
270A;STONE (A);A;;
277A;FOREST BROWN OAK (A);A;;
278A;FOREST FJELL OAK (A);A;;
430A;BLACK (A);A;;
602A;SANDY BEACH (A);A;;
605A;RETROBLAU (A);A;;
730A;CARBON (A);A;;
751A;WHITE (A);A;;
752A;BLOSSOM WHITE (A);A;;
763A;PASTEL GREY (A);A;;
765A;PASTEL SHADOW (A);A;;
766A;PASTEL SMOKE (A);A;;
771A;PASTEL LOAM (A);A;;
781A;KASHMIR (A);A;;
851A;DAYLIGHT GREY (A);A;;
875A;CLAY DARK (A);A;;
879A;BEACH GREY (A);A;;
113B;TERRA GREY (B);B;;
114B;TUNDRA (B);B;;
139B;READY TO PAINT (B);B;;
165B;LAVA (B);B;;
197B;OLD FOREST OAK (B);B;;
198B;NEW FOREST OAK (B);B;;
204B;UMBRA (B);B;;
206B;PASTEL BARDOLIA (B);B;;
226B;DARK FOREST OAK (B);B;;
270B;STONE (B);B;;
277B;FOREST BROWN OAK (B);B;;
278B;FOREST FJELL OAK (B);B;;
430B;BLACK (B);B;;
602B;SANDY BEACH (B);B;;
605B;RETROBLAU (B);B;;
730B;CARBON (B);B;;
751B;WHITE (B);B;;
752B;BLOSSOM WHITE (B);B;;
763B;PASTEL GREY (B);B;;
765B;PASTEL SHADOW (B);B;;
766B;PASTEL SMOKE (B);B;;
771B;PASTEL LOAM (B);B;;
781B;KASHMIR (B);B;;
851B;DAYLIGHT GREY (B);B;;
875B;CLAY DARK (B);B;;
879B;BEACH GREY (B);B;;
113CL;TERRA GREY (CL);CL;;
114CL;TUNDRA (CL);CL;;
139CL;READY TO PAINT (CL);CL;;
165CL;LAVA (CL);CL;;
197CL;OLD FOREST OAK (CL);CL;;
198CL;NEW FOREST OAK (CL);CL;;
204CL;UMBRA (CL);CL;;
206CL;PASTEL BARDOLIA (CL);CL;;
270CL;STONE (CL);CL;;
277CL;FOREST BROWN OAK (CL);CL;;
278CL;FOREST FJELL OAK (CL);CL;;
430CL;BLACK (CL);CL;;
602CL;SANDY BEACH (CL);CL;;
605CL;RETROBLAU (CL);CL;;
730CL;CARBON (CL);CL;;
751CL;WHITE (CL);CL;;
752CL;BLOSSOM WHITE (CL);CL;;
781CL;KASHMIR (CL);CL;;
851CL;DAYLIGHT GREY (CL);CL;;
875CL;CLAY DARK (CL);CL;;
879CL;BEACH GREY (CL);CL;;
113FL;TERRA GREY (FL);FL;;
114FL;TUNDRA (FL);FL;;
139FL;READY TO PAINT (FL);FL;;
165FL;LAVA (FL);FL;;
197FL;OLD FOREST OAK (FL);FL;;
198FL;NEW FOREST OAK (FL);FL;;
204FL;UMBRA (FL);FL;;
206FL;PASTEL BARDOLIA (FL);FL;;
226FL;DARK FOREST OAK (FL);FL;;
270FL;STONE (FL);FL;;
277FL;FOREST BROWN OAK (FL);FL;;
278FL;FOREST FJELL OAK (FL);FL;;
430FL;BLACK (FL);FL;;
602FL;SANDY BEACH (FL);FL;;
605FL;RETROBLAU (FL);FL;;
730FL;CARBON (FL);FL;;
751FL;WHITE (FL);FL;;
752FL;BLOSSOM WHITE (FL);FL;;
763FL;PASTEL GREY (FL);FL;;
765FL;PASTEL SHADOW (FL);FL;;
766FL;PASTEL SMOKE (FL);FL;;
771FL;PASTEL LOAM (FL);FL;;
781FL;KASHMIR (FL);FL;;
851FL;DAYLIGHT GREY (FL);FL;;
875FL;CLAY DARK (FL);FL;;
879FL;BEACH GREY (FL);FL;;
113FM;TERRA GREY (FM);FM;;
145FM;SNOW (FM);FM;;
165FM;LAVA (FM);FM;;
204FM;UMBRA (FM);FM;;
211FM;DARK CONCRETO (FM);FM;;
241FM;RIPASSO DARK OAK (FM);FM;;
243FM;OLIVE GREEN (FM);FM;;
247FM;RIPASSO WALNUT (FM);FM;;
270FM;STONE (FM);FM;;
602FM;SANDY BEACH (FM);FM;;
730FM;CARBON (FM);FM;;
751FM;WHITE (FM);FM;;
752FM;BLOSSOM WHITE (FM);FM;;
781FM;KASHMIR (FM);FM;;
815FM;GRIGIO (FM);FM;;
851FM;DAYLIGHT GREY (FM);FM;;
854FM;CONCRETO (FM);FM;;
875FM;CLAY DARK (FM);FM;;
878FM;JUST GREY (FM);FM;;
879FM;BEACH GREY (FM);FM;;
111FH;CITY NATURE OAK (FM/HOR);FM/HOR;;
852FH;NOGERO (FM/HOR);FM/HOR;;
111FV;CITY NATURE OAK (FM/VER);FM/VER;;
852FV;NOGERO (FM/VER);FM/VER;;
212FX;FENIX BLACK (0720);FX;;
213FX;FENIX GREY (0724);FX;;
222FX;FENIX ACCIAIO HAMILTON (5000);FX;;
223FX;FENIX GREEN (0750);FX;;
224FX;FENIX RED (0751);FX;;
225FX;FENIX BLUE (0754);FX;;
227FX;FENIX BIANCO ALASKA (0030);FX;;
228FX;FENIX GRIGIO LONDRA (0718);FX;;
240FX;FENIX BEIGE ARIZONA (0748);FX;;
260FX;FENIX BIANCO KOS (0032);FX;;
351FX;FENIX BIANCO MALÉ (0029);FX;;
352FX;FENIX CASTORO OTTAWA (0717);FX;;
353FX;FENIX GRIGIO EFESO (0725);FX;;
355FX;FENIX CACAO ORINOCO (0749);FX;;
356FX;FENIX BEIGE LUXOR (0719);FX;;
357FX;FENIX GRIGIO ANTRIM (0752);FX;;
361FX;FENIX VERDE KITAMI (0794);FX;;
364FX;FENIX BLU SHABA (0792);FX;;
365FX;FENIX VERDE BRAC (0773);FX;;
366FX;FENIX AZZURO NAXOS (0771);FX;;
367FX;FENIX GRIGIO ARAGONA (0793);FX;;
368FX;FENIX ROSSO NAMIB (0789);FX;;
369FX;FENIX ORO CORTEZ (5003);FX;;
371FX;FENIX ROSSO ASKJA (0770);FX;;
373FX;FENIX GIALLO EVORA (0791);FX;;
374FX;FENIX ARGENTO DUKAT (5001);FX;;
376FX;FENIX VIOLA ORISSA (0790);FX;;
113HL;TERRA GREY (HL);HL;;
114HL;TUNDRA (HL);HL;;
145HL;SNOW (HL);HL;;
165HL;LAVA (HL);HL;;
204HL;UMBRA (HL);HL;;
270HL;STONE (HL);HL;;
430HL;BLACK (HL);HL;;
602HL;SANDY BEACH (HL);HL;;
613HL;RAL (HL);HL;;
615HL;NCS (HL);HL;;
616HL;SIKKENS (HL);HL;;
617HL;FERROW & BALL (HL);HL;;
618HL;PANTONE (HL);HL;;
751HL;WHITE (HL);HL;;
752HL;BLOSSOM WHITE (HL);HL;;
781HL;KASHMIR (HL);HL;;
815HL;GRIGIO (HL);HL;;
843HL;MIDNIGHT BLUE (HL);HL;;
844HL;MOSS (HL);HL;;
845HL;DEEP BLUE (HL);HL;;
851HL;DAYLIGHT GREY (HL);HL;;
871HL;VERDE (HL);HL;;
131KQ;BLACK METAL (KQ);KQ;;
175KQ;BRONZE METAL (KQ);KQ;;
178KQ;BROWN STEEL (KQ);KQ;;
201KQ;BLACK STEEL (KQ);KQ;;
244KQ;TEXTURED CARBON STONE (KQ);KQ;;
245KQ;TEXTURED GREY STONE (KQ);KQ;;
246KQ;ITALIAN WALNUT (KQ);KQ;;
886KQ;SANDY STONE (KQ);KQ;;
113LX;TERRA GREY (LX);LX;;
114LX;TUNDRA (LX);LX;;
145LX;SNOW (LX);LX;;
165LX;LAVA (LX);LX;;
204LX;UMBRA (LX);LX;;
232LX;VELVET GREEN (LX);LX;;
270LX;STONE (LX);LX;;
430LX;BLACK (LX);LX;;
602LX;SANDY BEACH (LX);LX;;
613LX;RAL (LX);LX;;
615LX;NCS (LX);LX;;
616LX;SIKKENS (LX);LX;;
617LX;FERROW & BALL (LX);LX;;
618LX;PANTONE (LX);LX;;
730LX;CARBON (LX);LX;;
751LX;WHITE (LX);LX;;
752LX;BLOSSOM WHITE (LX);LX;;
781LX;KASHMIR (LX);LX;;
815LX;GRIGIO (LX);LX;;
843LX;MIDNIGHT BLUE (LX);LX;;
844LX;MOSS (LX);LX;;
845LX;DEEP BLUE (LX);LX;;
851LX;DAYLIGHT GREY (LX);LX;;
871LX;VERDE (LX);LX;;
875LX;CLAY DARK (LX);LX;;
878LX;JUST GREY (LX);LX;;
879LX;BEACH GREY (LX);LX;;
113MA;TERRA GREY (MA);MA;;
114MA;TUNDRA (MA);MA;;
145MA;SNOW (MA);MA;;
220MA;DARK GREY STEEL (MA);MA;;
232MA;VELVET GREEN (MA);MA;;
430MA;BLACK (MA);MA;;
602MA;SANDY BEACH (MA);MA;;
730MA;CARBON (MA);MA;;
751MA;WHITE (MA);MA;;
752MA;BLOSSOM WHITE (MA);MA;;
781MA;KASHMIR (MA);MA;;
843MA;MIDNIGHT BLUE (MA);MA;;
879MA;BEACH GREY (MA);MA;;
266ME;COPPER (ME);ME;;
267ME;BRASS (ME);ME;;
268ME;INOX (ME);ME;;
748MT;URBAN WILD OAK (MT);MT;;
783MT;OLD WILD OAK (MT);MT;;
145MX;SNOW (MX);MX;;
751MX;WHITE (MX);MX;;
752MX;BLOSSOM WHITE (MX);MX;;
878MX;JUST GREY (MX);MX;;
113NL;TERRA GREY (NL);NL;;
114NL;TUNDRA (NL);NL;;
139NL;READY TO PAINT (NL);NL;;
165NL;LAVA (NL);NL;;
197NL;OLD FOREST OAK (NL);NL;;
198NL;NEW FOREST OAK (NL);NL;;
204NL;UMBRA (NL);NL;;
206NL;PASTEL BARDOLIA (NL);NL;;
226NL;DARK FOREST OAK (NL);NL;;
270NL;STONE (NL);NL;;
277NL;FOREST BROWN OAK (NL);NL;;
278NL;FOREST FJELL OAK (NL);NL;;
430NL;BLACK (NL);NL;;
602NL;SANDY BEACH (NL);NL;;
605NL;RETROBLAU (NL);NL;;
730NL;CARBON (NL);NL;;
751NL;WHITE (NL);NL;;
752NL;BLOSSOM WHITE (NL);NL;;
763NL;PASTEL GREY (NL);NL;;
765NL;PASTEL SHADOW (NL);NL;;
766NL;PASTEL SMOKE (NL);NL;;
771NL;PASTEL LOAM (NL);NL;;
781NL;KASHMIR (NL);NL;;
851NL;DAYLIGHT GREY (NL);NL;;
875NL;CLAY DARK (NL);NL;;
879NL;BEACH GREY (NL);NL;;
113OL;TERRA GREY (OL);OL;;
114OL;TUNDRA (OL);OL;;
139OL;READY TO PAINT (OL);OL;;
165OL;LAVA (OL);OL;;
197OL;OLD FOREST OAK (OL);OL;;
198OL;NEW FOREST OAK (OL);OL;;
204OL;UMBRA (OL);OL;;
206OL;PASTEL BARDOLIA (OL);OL;;
226OL;DARK FOREST OAK (OL);OL;;
270OL;STONE (OL);OL;;
277OL;FOREST BROWN OAK (OL);OL;;
278OL;FOREST FJELL OAK (OL);OL;;
430OL;BLACK (OL);OL;;
602OL;SANDY BEACH (OL);OL;;
605OL;RETROBLAU (OL);OL;;
730OL;CARBON (OL);OL;;
751OL;WHITE (OL);OL;;
752OL;BLOSSOM WHITE (OL);OL;;
763OL;PASTEL GREY (OL);OL;;
765OL;PASTEL SHADOW (OL);OL;;
766OL;PASTEL SMOKE (OL);OL;;
771OL;PASTEL LOAM (OL);OL;;
781OL;KASHMIR (OL);OL;;
851OL;DAYLIGHT GREY (OL);OL;;
875OL;CLAY DARK (OL);OL;;
879OL;BEACH GREY (OL);OL;;
751QM;WHITE (QM);QM;;
752QM;BLOSSOM WHITE (QM);QM;;
113RI;TERRA GREY (RI);RI;;
114RI;TUNDRA (RI);RI;;
139RI;READY TO PAINT (RI);RI;;
165RI;LAVA (RI);RI;;
197RI;OLD FOREST OAK (RI);RI;;
198RI;NEW FOREST OAK (RI);RI;;
204RI;UMBRA (RI);RI;;
206RI;PASTEL BARDOLIA (RI);RI;;
270RI;STONE (RI);RI;;
277RI;FOREST BROWN OAK (RI);RI;;
278RI;FOREST FJELL OAK (RI);RI;;
430RI;BLACK (RI);RI;;
602RI;SANDY BEACH (RI);RI;;
605RI;RETROBLAU (RI);RI;;
730RI;CARBON (RI);RI;;
751RI;WHITE (RI);RI;;
752RI;BLOSSOM WHITE (RI);RI;;
766RI;PASTEL SMOKE (RI);RI;;
781RI;KASHMIR (RI);RI;;
832RI;WALNUT (RI);RI;;
851RI;DAYLIGHT GREY (RI);RI;;
875RI;CLAY DARK (RI);RI;;
879RI;BEACH GREY (RI);RI;;
139;READY TO PAINT;RP;;
217RW;REAL WOOD NATURE (RW);RW;;
113SC;TERRA GREY (SC);SC;;
114SC;TUNDRA (SC);SC;;
145SC;SNOW (SC);SC;;
165SC;LAVA (SC);SC;;
204SC;UMBRA (SC);SC;;
232SC;VELVET GREEN (SC);SC;;
270SC;STONE (SC);SC;;
430SC;BLACK (SC);SC;;
602SC;SANDY BEACH (SC);SC;;
613SC;RAL (SC);SC;;
615SC;NCS (SC);SC;;
616SC;SIKKENS (SC);SC;;
617SC;FERROW & BALL (SC);SC;;
618SC;PANTONE (SC);SC;;
730SC;CARBON (SC);SC;;
751SC;WHITE (SC);SC;;
752SC;BLOSSOM WHITE (SC);SC;;
781SC;KASHMIR (SC);SC;;
815SC;GRIGIO (SC);SC;;
843SC;MIDNIGHT BLUE (SC);SC;;
844SC;MOSS (SC);SC;;
845SC;DEEP BLUE (SC);SC;;
851SC;DAYLIGHT GREY (SC);SC;;
871SC;VERDE (SC);SC;;
875SC;CLAY DARK (SC);SC;;
878SC;JUST GREY (SC);SC;;
879SC;BEACH GREY (SC);SC;;
115HS;SHERWOOD PARK (SY/HOR);SY/HOR;;
215HS;OLD SPLIT OAK (SY/HOR);SY/HOR;;
216HS;SHERWOOD FLAMED (SY/HOR);SY/HOR;;
229HS;LOFT BLACK OAK (SY/HOR);SY/HOR;;
230HS;LOFT BROWN OAK (SY/HOR);SY/HOR;;
231HS;LOFT NATURE OAK (SY/HOR);SY/HOR;;
401HS;LOFT NORDIC OAK (SY/HOR);SY/HOR;;
402HS;LOFT DARK OAK (SY/HOR);SY/HOR;;
808HS;BARDOLIA REAL OAK (SY/HOR);SY/HOR;;
855HS;SHERWOOD BLACK (SY/HOR);SY/HOR;;
856HS;SHERWOOD BRONX (SY/HOR);SY/HOR;;
876HS;DARK SPLIT OAK (SY/HOR);SY/HOR;;
877HS;NATURE SPLIT OAK (SY/HOR);SY/HOR;;
880HS;TIMBER BLACK (SY/HOR);SY/HOR;;
881HS;SCANDINAVIAN OAK (SY/HOR);SY/HOR;;
884HS;SCANDINAVIAN FJELL OAK (SY/HOR);SY/HOR;;
885HS;SCANDINAVIAN BROWN OAK (SY/HOR);SY/HOR;;
887HS;LOFT SMOKY OAK (SY/HOR);SY/HOR;;
115VS;SHERWOOD PARK (SY/VER);SY/VER;;
215VS;OLD SPLIT OAK (SY/VER);SY/VER;;
216VS;SHERWOOD FLAMED (SY/VER);SY/VER;;
229VS;LOFT BLACK OAK (SY/VER);SY/VER;;
230VS;LOFT BROWN OAK (SY/VER);SY/VER;;
231VS;LOFT NATURE OAK (SY/VER);SY/VER;;
401VS;LOFT NORDIC OAK (SY/VER);SY/VER;;
402VS;LOFT DARK OAK (SY/VER);SY/VER;;
808VS;BARDOLIA REAL OAK (SY/VER);SY/VER;;
855VS;SHERWOOD BLACK (SY/VER);SY/VER;;
856VS;SHERWOOD BRONX (SY/VER);SY/VER;;
876VS;DARK SPLIT OAK (SY/VER);SY/VER;;
877VS;NATURE SPLIT OAK (SY/VER);SY/VER;;
880VS;TIMBER BLACK (SY/VER);SY/VER;;
881VS;SCANDINAVIAN OAK (SY/VER);SY/VER;;
884VS;SCANDINAVIAN FJELL OAK (SY/VER);SY/VER;;
885VS;SCANDINAVIAN BROWN OAK (SY/VER);SY/VER;;
887VS;LOFT SMOKY OAK (SY/VER);SY/VER;;
145VI;SNOW (VI);VI;;
242VI;MIRROR (VI);VI;;
430VI;BLACK (VI);VI;;
145VM;SNOW (VM);VM;;
233VM;LIGHT BRONZE (VM);VM;;
238VM;TITANIO (VM);VM;;
730VM;CARBON (VM);VM;;
832WN;WALNUT (WN);WN;;
113XT;TERRA GREY (XT);XT;;
145XT;SNOW (XT);XT;;
165XT;LAVA (XT);XT;;
204XT;UMBRA (XT);XT;;
205XT;ARABICA (XT);XT;;
270XT;STONE (XT);XT;;
430XT;BLACK (XT);XT;;
602XT;SANDY BEACH (XT);XT;;
730XT;CARBON (XT);XT;;
751XT;WHITE (XT);XT;;
752XT;BLOSSOM WHITE (XT);XT;;
781XT;KASHMIR (XT);XT;;
815XT;GRIGIO (XT);XT;;
851XT;DAYLIGHT GREY (XT);XT;;
875XT;CLAY DARK (XT);XT;;
878XT;JUST GREY (XT);XT;;
879XT;BEACH GREY (XT);XT;;