image_path,absolute_path,material_type,subcategory,color_code,caption,txt_file
Echtlackfront/SC/843SC_converted.jpeg,/sessions/zen-nice-ritchie/mnt/Frontfarben/Echtlackfront/SC/843SC_converted.jpeg,Echtlackfront,SC,843,"genuine lacquer front SC 843, dark blue ultra matte smooth kitchen door surface",Echtlackfront/SC/843SC_converted.txt
Echtlackfront/SC/145SC_converted.jpeg,/sessions/zen-nice-ritchie/mnt/Frontfarben/Echtlackfront/SC/145SC_converted.jpeg,Echtlackfront,SC,145,"genuine lacquer front SC 145, white ultra matte smooth kitchen door surface",Echtlackfront/SC/145SC_converted.txt
Echtlackfront/SC/270SC_converted.jpeg,/sessions/zen-nice-ritchie/mnt/Frontfarben/Echtlackfront/SC/270SC_converted.jpeg,Echtlackfront,SC,270,"genuine lacquer front SC 270, white ultra matte smooth kitchen door surface",Echtlackfront/SC/270SC_converted.txt
Echtlackfront/SC/879SC_converted.jpeg,/sessions/zen-nice-ritchie/mnt/Frontfarben/Echtlackfront/SC/879SC_converted.jpeg,Echtlackfront,SC,879,"genuine lacquer front SC 879, light gray ultra matte smooth kitchen door surface",Echtlackfront/SC/879SC_converted.txt
Echtlackfront/SC/165SC_converted.jpeg,/sessions/zen-nice-ritchie/mnt/Frontfarben/Echtlackfront/SC/165SC_converted.jpeg,Echtlackfront,SC,165,"genuine lacquer front SC 165, medium gray ultra matte smooth kitchen door surface",Echtlackfront/SC/165SC_converted.txt
Echtlackfront/SC/602SC_converted.jpeg,/sessions/zen-nice-ritchie/mnt/Frontfarben/Echtlackfront/SC/602SC_converted.jpeg,Echtlackfront,SC,602,"genuine lacquer front SC 602, light brown ultra matte smooth kitchen door surface",Echtlackfront/SC/602SC_converted.txt
Echtlackfront/SC/204SC_converted.jpeg,/sessions/zen-nice-ritchie/mnt/Frontfarben/Echtlackfront/SC/204SC_converted.jpeg,Echtlackfront,SC,204,"genuine lacquer front SC 204, medium gray ultra matte smooth kitchen door surface",Echtlackfront/SC/204SC_converted.txt
Echtlackfront/SC/114SC_converted.jpeg,/sessions/zen-nice-ritchie/mnt/Frontfarben/Echtlackfront/SC/114SC_converted.jpeg,Echtlackfront,SC,114,"genuine lacquer front SC 114, medium gray ultra matte smooth kitchen door surface",Echtlackfront/SC/114SC_converted.txt
Echtlackfront/SC/730SC_converted.jpeg,/sessions/zen-nice-ritchie/mnt/Frontfarben/Echtlackfront/SC/730SC_converted.jpeg,Echtlackfront,SC,730,"genuine lacquer front SC 730, dark gray ultra matte smooth kitchen door surface",Echtlackfront/SC/730SC_converted.txt
Echtlackfront/SC/430SC_converted.jpeg,/sessions/zen-nice-ritchie/mnt/Frontfarben/Echtlackfront/SC/430SC_converted.jpeg,Echtlackfront,SC,430,"genuine lacquer front SC 430, dark blue ultra matte smooth kitchen door surface",Echtlackfront/SC/430SC_converted.txt
Echtlackfront/SC/751SC_converted.jpeg,/sessions/zen-nice-ritchie/mnt/Frontfarben/Echtlackfront/SC/751SC_converted.jpeg,Echtlackfront,SC,751,"genuine lacquer front SC 751, white ultra matte smooth kitchen door surface",Echtlackfront/SC/751SC_converted.txt
Echtlackfront/SC/878SC_converted.jpeg,/sessions/zen-nice-ritchie/mnt/Frontfarben/Echtlackfront/SC/878SC_converted.jpeg,Echtlackfront,SC,878,"genuine lacquer front SC 878, light gray ultra matte smooth kitchen door surface",Echtlackfront/SC/878SC_converted.txt
Echtlackfront/SC/232SC_converted.jpeg,/sessions/zen-nice-ritchie/mnt/Frontfarben/Echtlackfront/SC/232SC_converted.jpeg,Echtlackfront,SC,232,"genuine lacquer front SC 232, cyan ultra matte smooth kitchen door surface",Echtlackfront/SC/232SC_converted.txt
Echtlackfront/SC/781SC_converted.jpeg,/sessions/zen-nice-ritchie/mnt/Frontfarben/Echtlackfront/SC/781SC_converted.jpeg,Echtlackfront,SC,781,"genuine lacquer front SC 781, light gray ultra matte smooth kitchen door surface",Echtlackfront/SC/781SC_converted.txt
Echtlackfront/SC/845SC_converted.jpeg,/sessions/zen-nice-ritchie/mnt/Frontfarben/Echtlackfront/SC/845SC_converted.jpeg,Echtlackfront,SC,845,"genuine lacquer front SC 845, dark blue ultra matte smooth kitchen door surface",Echtlackfront/SC/845SC_converted.txt
Echtlackfront/SC/851SC_converted.jpeg,/sessions/zen-nice-ritchie/mnt/Frontfarben/Echtlackfront/SC/851SC_converted.jpeg,Echtlackfront,SC,851,"genuine lacquer front SC 851, white ultra matte smooth kitchen door surface",Echtlackfront/SC/851SC_converted.txt
Echtlackfront/SC/752SC_converted.jpeg,/sessions/zen-nice-ritchie/mnt/Frontfarben/Echtlackfront/SC/752SC_converted.jpeg,Echtlackfront,SC,752,"genuine lacquer front SC 752, light brown ultra matte smooth kitchen door surface",Echtlackfront/SC/752SC_converted.txt
Echtlackfront/SC/815SC_converted.jpeg,/sessions/zen-nice-ritchie/mnt/Frontfarben/Echtlackfront/SC/815SC_converted.jpeg,Echtlackfront,SC,815,"genuine lacquer front SC 815, medium gray ultra matte smooth kitchen door surface",Echtlackfront/SC/815SC_converted.txt
Echtlackfront/SC/113SC_converted.jpeg,/sessions/zen-nice-ritchie/mnt/Frontfarben/Echtlackfront/SC/113SC_converted.jpeg,Echtlackfront,SC,113,"genuine lacquer front SC 113, brown ultra matte smooth kitchen door surface",Echtlackfront/SC/113SC_converted.txt
Echtlackfront/SC/875SC_converted.jpeg,/sessions/zen-nice-ritchie/mnt/Frontfarben/Echtlackfront/SC/875SC_converted.jpeg,Echtlackfront,SC,875,"genuine lacquer front SC 875, brown ultra matte smooth kitchen door surface",Echtlackfront/SC/875SC_converted.txt
Echtlackfront/SC/844SC_converted.jpeg,/sessions/zen-nice-ritchie/mnt/Frontfarben/Echtlackfront/SC/844SC_converted.jpeg,Echtlackfront,SC,844,"genuine lacquer front SC 844, dark green ultra matte smooth kitchen door surface",Echtlackfront/SC/844SC_converted.txt
Echtlackfront/SC/871SC_converted.jpeg,/sessions/zen-nice-ritchie/mnt/Frontfarben/Echtlackfront/SC/871SC_converted.jpeg,Echtlackfront,SC,871,"genuine lacquer front SC 871, cyan ultra matte smooth kitchen door surface",Echtlackfront/SC/871SC_converted.txt
Echtlackfront/HL/751HL_converted.jpeg,/sessions/zen-nice-ritchie/mnt/Frontfarben/Echtlackfront/HL/751HL_converted.jpeg,Echtlackfront,HL,751,"genuine lacquer front HL 751, white high gloss smooth kitchen door surface",Echtlackfront/HL/751HL_converted.txt
Echtlackfront/HL/430HL_converted.jpeg,/sessions/zen-nice-ritchie/mnt/Frontfarben/Echtlackfront/HL/430HL_converted.jpeg,Echtlackfront,HL,430,"genuine lacquer front HL 430, dark blue high gloss smooth kitchen door surface",Echtlackfront/HL/430HL_converted.txt
Echtlackfront/HL/602HL_converted.jpeg,/sessions/zen-nice-ritchie/mnt/Frontfarben/Echtlackfront/HL/602HL_converted.jpeg,Echtlackfront,HL,602,"genuine lacquer front HL 602, light brown high gloss smooth kitchen door surface",Echtlackfront/HL/602HL_converted.txt
Echtlackfront/HL/204HL_converted.jpeg,/sessions/zen-nice-ritchie/mnt/Frontfarben/Echtlackfront/HL/204HL_converted.jpeg,Echtlackfront,HL,204,"genuine lacquer front HL 204, medium gray high gloss smooth kitchen door surface",Echtlackfront/HL/204HL_converted.txt
Echtlackfront/HL/165HL_converted.jpeg,/sessions/zen-nice-ritchie/mnt/Frontfarben/Echtlackfront/HL/165HL_converted.jpeg,Echtlackfront,HL,165,"genuine lacquer front HL 165, medium gray high gloss smooth kitchen door surface",Echtlackfront/HL/165HL_converted.txt
Echtlackfront/HL/114HL_converted.jpeg,/sessions/zen-nice-ritchie/mnt/Frontfarben/Echtlackfront/HL/114HL_converted.jpeg,Echtlackfront,HL,114,"genuine lacquer front HL 114, medium gray high gloss smooth kitchen door surface",Echtlackfront/HL/114HL_converted.txt
Echtlackfront/HL/270HL_converted.jpeg,/sessions/zen-nice-ritchie/mnt/Frontfarben/Echtlackfront/HL/270HL_converted.jpeg,Echtlackfront,HL,270,"genuine lacquer front HL 270, white high gloss smooth kitchen door surface",Echtlackfront/HL/270HL_converted.txt
Echtlackfront/HL/843HL_converted.jpeg,/sessions/zen-nice-ritchie/mnt/Frontfarben/Echtlackfront/HL/843HL_converted.jpeg,Echtlackfront,HL,843,"genuine lacquer front HL 843, dark blue high gloss smooth kitchen door surface",Echtlackfront/HL/843HL_converted.txt
Echtlackfront/HL/145HL_converted.jpeg,/sessions/zen-nice-ritchie/mnt/Frontfarben/Echtlackfront/HL/145HL_converted.jpeg,Echtlackfront,HL,145,"genuine lacquer front HL 145, white high gloss smooth kitchen door surface",Echtlackfront/HL/145HL_converted.txt
Echtlackfront/HL/844HL_converted.jpeg,/sessions/zen-nice-ritchie/mnt/Frontfarben/Echtlackfront/HL/844HL_converted.jpeg,Echtlackfront,HL,844,"genuine lacquer front HL 844, dark green high gloss smooth kitchen door surface",Echtlackfront/HL/844HL_converted.txt
Echtlackfront/HL/871HL_converted.jpeg,/sessions/zen-nice-ritchie/mnt/Frontfarben/Echtlackfront/HL/871HL_converted.jpeg,Echtlackfront,HL,871,"genuine lacquer front HL 871, cyan high gloss smooth kitchen door surface",Echtlackfront/HL/871HL_converted.txt
Echtlackfront/HL/845HL_converted.jpeg,/sessions/zen-nice-ritchie/mnt/Frontfarben/Echtlackfront/HL/845HL_converted.jpeg,Echtlackfront,HL,845,"genuine lacquer front HL 845, blue high gloss smooth kitchen door surface",Echtlackfront/HL/845HL_converted.txt
Echtlackfront/HL/781HL_converted.jpeg,/sessions/zen-nice-ritchie/mnt/Frontfarben/Echtlackfront/HL/781HL_converted.jpeg,Echtlackfront,HL,781,"genuine lacquer front HL 781, light gray high gloss smooth kitchen door surface",Echtlackfront/HL/781HL_converted.txt
Echtlackfront/HL/815HL_converted.jpeg,/sessions/zen-nice-ritchie/mnt/Frontfarben/Echtlackfront/HL/815HL_converted.jpeg,Echtlackfront,HL,815,"genuine lacquer front HL 815, medium gray high gloss smooth kitchen door surface",Echtlackfront/HL/815HL_converted.txt
Echtlackfront/HL/113HL_converted.jpeg,/sessions/zen-nice-ritchie/mnt/Frontfarben/Echtlackfront/HL/113HL_converted.jpeg,Echtlackfront,HL,113,"genuine lacquer front HL 113, brown high gloss smooth kitchen door surface",Echtlackfront/HL/113HL_converted.txt
Echtlackfront/HL/851HL_converted.jpeg,/sessions/zen-nice-ritchie/mnt/Frontfarben/Echtlackfront/HL/851HL_converted.jpeg,Echtlackfront,HL,851,"genuine lacquer front HL 851, white high gloss smooth kitchen door surface",Echtlackfront/HL/851HL_converted.txt
Echtlackfront/HL/752HL_converted.jpeg,/sessions/zen-nice-ritchie/mnt/Frontfarben/Echtlackfront/HL/752HL_converted.jpeg,Echtlackfront,HL,752,"genuine lacquer front HL 752, light brown high gloss smooth kitchen door surface",Echtlackfront/HL/752HL_converted.txt
Echtlackfront/LX/145LX_converted.jpeg,/sessions/zen-nice-ritchie/mnt/Frontfarben/Echtlackfront/LX/145LX_converted.jpeg,Echtlackfront,LX,145,"genuine lacquer front LX 145, white smooth glossy kitchen door surface",Echtlackfront/LX/145LX_converted.txt
Echtlackfront/LX/843LX_converted.jpeg,/sessions/zen-nice-ritchie/mnt/Frontfarben/Echtlackfront/LX/843LX_converted.jpeg,Echtlackfront,LX,843,"genuine lacquer front LX 843, dark blue smooth glossy kitchen door surface",Echtlackfront/LX/843LX_converted.txt
Echtlackfront/LX/270LX_converted.jpeg,/sessions/zen-nice-ritchie/mnt/Frontfarben/Echtlackfront/LX/270LX_converted.jpeg,Echtlackfront,LX,270,"genuine lacquer front LX 270, white smooth glossy kitchen door surface",Echtlackfront/LX/270LX_converted.txt
Echtlackfront/LX/879LX_converted.jpeg,/sessions/zen-nice-ritchie/mnt/Frontfarben/Echtlackfront/LX/879LX_converted.jpeg,Echtlackfront,LX,879,"genuine lacquer front LX 879, light gray smooth glossy kitchen door surface",Echtlackfront/LX/879LX_converted.txt
Echtlackfront/LX/602LX_converted.jpeg,/sessions/zen-nice-ritchie/mnt/Frontfarben/Echtlackfront/LX/602LX_converted.jpeg,Echtlackfront,LX,602,"genuine lacquer front LX 602, light brown smooth glossy kitchen door surface",Echtlackfront/LX/602LX_converted.txt
Echtlackfront/LX/204LX_converted.jpeg,/sessions/zen-nice-ritchie/mnt/Frontfarben/Echtlackfront/LX/204LX_converted.jpeg,Echtlackfront,LX,204,"genuine lacquer front LX 204, medium gray smooth glossy kitchen door surface",Echtlackfront/LX/204LX_converted.txt
Echtlackfront/LX/165LX_converted.jpeg,/sessions/zen-nice-ritchie/mnt/Frontfarben/Echtlackfront/LX/165LX_converted.jpeg,Echtlackfront,LX,165,"genuine lacquer front LX 165, medium gray smooth glossy kitchen door surface",Echtlackfront/LX/165LX_converted.txt
Echtlackfront/LX/730LX_converted.jpeg,/sessions/zen-nice-ritchie/mnt/Frontfarben/Echtlackfront/LX/730LX_converted.jpeg,Echtlackfront,LX,730,"genuine lacquer front LX 730, dark gray smooth glossy kitchen door surface",Echtlackfront/LX/730LX_converted.txt
Echtlackfront/LX/114LX_converted.jpeg,/sessions/zen-nice-ritchie/mnt/Frontfarben/Echtlackfront/LX/114LX_converted.jpeg,Echtlackfront,LX,114,"genuine lacquer front LX 114, medium gray smooth glossy kitchen door surface",Echtlackfront/LX/114LX_converted.txt
Echtlackfront/LX/751LX_converted.jpeg,/sessions/zen-nice-ritchie/mnt/Frontfarben/Echtlackfront/LX/751LX_converted.jpeg,Echtlackfront,LX,751,"genuine lacquer front LX 751, white smooth glossy kitchen door surface",Echtlackfront/LX/751LX_converted.txt
Echtlackfront/LX/430LX_converted.jpeg,/sessions/zen-nice-ritchie/mnt/Frontfarben/Echtlackfront/LX/430LX_converted.jpeg,Echtlackfront,LX,430,"genuine lacquer front LX 430, dark blue smooth glossy kitchen door surface",Echtlackfront/LX/430LX_converted.txt
Echtlackfront/LX/878LX_converted.jpeg,/sessions/zen-nice-ritchie/mnt/Frontfarben/Echtlackfront/LX/878LX_converted.jpeg,Echtlackfront,LX,878,"genuine lacquer front LX 878, light gray smooth glossy kitchen door surface",Echtlackfront/LX/878LX_converted.txt
Echtlackfront/LX/232LX_converted.jpeg,/sessions/zen-nice-ritchie/mnt/Frontfarben/Echtlackfront/LX/232LX_converted.jpeg,Echtlackfront,LX,232,"genuine lacquer front LX 232, cyan smooth glossy kitchen door surface",Echtlackfront/LX/232LX_converted.txt
Echtlackfront/LX/845LX_converted.jpeg,/sessions/zen-nice-ritchie/mnt/Frontfarben/Echtlackfront/LX/845LX_converted.jpeg,Echtlackfront,LX,845,"genuine lacquer front LX 845, dark blue smooth glossy kitchen door surface",Echtlackfront/LX/845LX_converted.txt
Echtlackfront/LX/781LX_converted.jpeg,/sessions/zen-nice-ritchie/mnt/Frontfarben/Echtlackfront/LX/781LX_converted.jpeg,Echtlackfront,LX,781,"genuine lacquer front LX 781, light gray smooth glossy kitchen door surface",Echtlackfront/LX/781LX_converted.txt
Echtlackfront/LX/113LX_converted.jpeg,/sessions/zen-nice-ritchie/mnt/Frontfarben/Echtlackfront/LX/113LX_converted.jpeg,Echtlackfront,LX,113,"genuine lacquer front LX 113, brown smooth glossy kitchen door surface",Echtlackfront/LX/113LX_converted.txt
Echtlackfront/LX/815LX_converted.jpeg,/sessions/zen-nice-ritchie/mnt/Frontfarben/Echtlackfront/LX/815LX_converted.jpeg,Echtlackfront,LX,815,"genuine lacquer front LX 815, medium gray smooth glossy kitchen door surface",Echtlackfront/LX/815LX_converted.txt
Echtlackfront/LX/752LX_converted.jpeg,/sessions/zen-nice-ritchie/mnt/Frontfarben/Echtlackfront/LX/752LX_converted.jpeg,Echtlackfront,LX,752,"genuine lacquer front LX 752, light brown smooth glossy kitchen door surface",Echtlackfront/LX/752LX_converted.txt
Echtlackfront/LX/851LX_converted.jpeg,/sessions/zen-nice-ritchie/mnt/Frontfarben/Echtlackfront/LX/851LX_converted.jpeg,Echtlackfront,LX,851,"genuine lacquer front LX 851, white smooth glossy kitchen door surface",Echtlackfront/LX/851LX_converted.txt
Echtlackfront/LX/875LX_converted.jpeg,/sessions/zen-nice-ritchie/mnt/Frontfarben/Echtlackfront/LX/875LX_converted.jpeg,Echtlackfront,LX,875,"genuine lacquer front LX 875, brown smooth glossy kitchen door surface",Echtlackfront/LX/875LX_converted.txt
Echtlackfront/LX/844LX_converted.jpeg,/sessions/zen-nice-ritchie/mnt/Frontfarben/Echtlackfront/LX/844LX_converted.jpeg,Echtlackfront,LX,844,"genuine lacquer front LX 844, dark green smooth glossy kitchen door surface",Echtlackfront/LX/844LX_converted.txt
Echtlackfront/LX/871LX_converted.jpeg,/sessions/zen-nice-ritchie/mnt/Frontfarben/Echtlackfront/LX/871LX_converted.jpeg,Echtlackfront,LX,871,"genuine lacquer front LX 871, cyan smooth glossy kitchen door surface",Echtlackfront/LX/871LX_converted.txt
Rahmenfront/OL/197OL_converted.jpeg,/sessions/zen-nice-ritchie/mnt/Frontfarben/Rahmenfront/OL/197OL_converted.jpeg,Rahmenfront,OL,197,"frame front OL 197, orange framed panel kitchen door surface",Rahmenfront/OL/197OL_converted.txt
Rahmenfront/OL/114OL_converted.jpeg,/sessions/zen-nice-ritchie/mnt/Frontfarben/Rahmenfront/OL/114OL_converted.jpeg,Rahmenfront,OL,114,"frame front OL 114, brown framed panel kitchen door surface",Rahmenfront/OL/114OL_converted.txt
Rahmenfront/OL/730OL_converted.jpeg,/sessions/zen-nice-ritchie/mnt/Frontfarben/Rahmenfront/OL/730OL_converted.jpeg,Rahmenfront,OL,730,"frame front OL 730, dark gray framed panel kitchen door surface",Rahmenfront/OL/730OL_converted.txt
Rahmenfront/OL/165OL_converted.jpeg,/sessions/zen-nice-ritchie/mnt/Frontfarben/Rahmenfront/OL/165OL_converted.jpeg,Rahmenfront,OL,165,"frame front OL 165, medium gray framed panel kitchen door surface",Rahmenfront/OL/165OL_converted.txt
Rahmenfront/OL/204OL_converted.jpeg,/sessions/zen-nice-ritchie/mnt/Frontfarben/Rahmenfront/OL/204OL_converted.jpeg,Rahmenfront,OL,204,"frame front OL 204, brown framed panel kitchen door surface",Rahmenfront/OL/204OL_converted.txt
Rahmenfront/OL/602OL_converted.jpeg,/sessions/zen-nice-ritchie/mnt/Frontfarben/Rahmenfront/OL/602OL_converted.jpeg,Rahmenfront,OL,602,"frame front OL 602, light brown framed panel kitchen door surface",Rahmenfront/OL/602OL_converted.txt
Rahmenfront/OL/198OL_converted.jpeg,/sessions/zen-nice-ritchie/mnt/Frontfarben/Rahmenfront/OL/198OL_converted.jpeg,Rahmenfront,OL,198,"frame front OL 198, orange framed panel kitchen door surface",Rahmenfront/OL/198OL_converted.txt
Rahmenfront/OL/430OL_converted.jpeg,/sessions/zen-nice-ritchie/mnt/Frontfarben/Rahmenfront/OL/430OL_converted.jpeg,Rahmenfront,OL,430,"frame front OL 430, dark blue framed panel kitchen door surface",Rahmenfront/OL/430OL_converted.txt
Rahmenfront/OL/751OL_converted.jpeg,/sessions/zen-nice-ritchie/mnt/Frontfarben/Rahmenfront/OL/751OL_converted.jpeg,Rahmenfront,OL,751,"frame front OL 751, light gray framed panel kitchen door surface",Rahmenfront/OL/751OL_converted.txt
Rahmenfront/OL/879OL_converted.jpeg,/sessions/zen-nice-ritchie/mnt/Frontfarben/Rahmenfront/OL/879OL_converted.jpeg,Rahmenfront,OL,879,"frame front OL 879, light gray framed panel kitchen door surface",Rahmenfront/OL/879OL_converted.txt
Rahmenfront/OL/765OL_converted.jpeg,/sessions/zen-nice-ritchie/mnt/Frontfarben/Rahmenfront/OL/765OL_converted.jpeg,Rahmenfront,OL,765,"frame front OL 765, brown framed panel kitchen door surface",Rahmenfront/OL/765OL_converted.txt
Rahmenfront/OL/771OL_converted.jpeg,/sessions/zen-nice-ritchie/mnt/Frontfarben/Rahmenfront/OL/771OL_converted.jpeg,Rahmenfront,OL,771,"frame front OL 771, brown framed panel kitchen door surface",Rahmenfront/OL/771OL_converted.txt
Rahmenfront/OL/270OL_converted.jpeg,/sessions/zen-nice-ritchie/mnt/Frontfarben/Rahmenfront/OL/270OL_converted.jpeg,Rahmenfront,OL,270,"frame front OL 270, light gray framed panel kitchen door surface",Rahmenfront/OL/270OL_converted.txt
Rahmenfront/OL/206OL_converted.jpeg,/sessions/zen-nice-ritchie/mnt/Frontfarben/Rahmenfront/OL/206OL_converted.jpeg,Rahmenfront,OL,206,"frame front OL 206, brown framed panel kitchen door surface",Rahmenfront/OL/206OL_converted.txt
Rahmenfront/OL/875OL_converted.jpeg,/sessions/zen-nice-ritchie/mnt/Frontfarben/Rahmenfront/OL/875OL_converted.jpeg,Rahmenfront,OL,875,"frame front OL 875, brown framed panel kitchen door surface",Rahmenfront/OL/875OL_converted.txt
Rahmenfront/OL/277OL_converted.jpeg,/sessions/zen-nice-ritchie/mnt/Frontfarben/Rahmenfront/OL/277OL_converted.jpeg,Rahmenfront,OL,277,"frame front OL 277, orange framed panel kitchen door surface",Rahmenfront/OL/277OL_converted.txt
Rahmenfront/OL/278OL_converted.jpeg,/sessions/zen-nice-ritchie/mnt/Frontfarben/Rahmenfront/OL/278OL_converted.jpeg,Rahmenfront,OL,278,"frame front OL 278, brown framed panel kitchen door surface",Rahmenfront/OL/278OL_converted.txt
Rahmenfront/OL/766OL_converted.jpeg,/sessions/zen-nice-ritchie/mnt/Frontfarben/Rahmenfront/OL/766OL_converted.jpeg,Rahmenfront,OL,766,"frame front OL 766, orange framed panel kitchen door surface",Rahmenfront/OL/766OL_converted.txt
Rahmenfront/OL/226OL_converted.jpeg,/sessions/zen-nice-ritchie/mnt/Frontfarben/Rahmenfront/OL/226OL_converted.jpeg,Rahmenfront,OL,226,"frame front OL 226, red framed panel kitchen door surface",Rahmenfront/OL/226OL_converted.txt
Rahmenfront/OL/763OL_converted.jpeg,/sessions/zen-nice-ritchie/mnt/Frontfarben/Rahmenfront/OL/763OL_converted.jpeg,Rahmenfront,OL,763,"frame front OL 763, brown framed panel kitchen door surface",Rahmenfront/OL/763OL_converted.txt
Rahmenfront/OL/752OL_converted.jpeg,/sessions/zen-nice-ritchie/mnt/Frontfarben/Rahmenfront/OL/752OL_converted.jpeg,Rahmenfront,OL,752,"frame front OL 752, light brown framed panel kitchen door surface",Rahmenfront/OL/752OL_converted.txt
Rahmenfront/OL/851OL_converted.jpeg,/sessions/zen-nice-ritchie/mnt/Frontfarben/Rahmenfront/OL/851OL_converted.jpeg,Rahmenfront,OL,851,"frame front OL 851, light gray framed panel kitchen door surface",Rahmenfront/OL/851OL_converted.txt
Rahmenfront/OL/113OL_converted.jpeg,/sessions/zen-nice-ritchie/mnt/Frontfarben/Rahmenfront/OL/113OL_converted.jpeg,Rahmenfront,OL,113,"frame front OL 113, brown framed panel kitchen door surface",Rahmenfront/OL/113OL_converted.txt
Rahmenfront/OL/781OL_converted.jpeg,/sessions/zen-nice-ritchie/mnt/Frontfarben/Rahmenfront/OL/781OL_converted.jpeg,Rahmenfront,OL,781,"frame front OL 781, brown framed panel kitchen door surface",Rahmenfront/OL/781OL_converted.txt
Rahmenfront/OL/139OL_converted.jpeg,/sessions/zen-nice-ritchie/mnt/Frontfarben/Rahmenfront/OL/139OL_converted.jpeg,Rahmenfront,OL,139,"frame front OL 139, light brown framed panel kitchen door surface",Rahmenfront/OL/139OL_converted.txt
Rahmenfront/OL/605OL_converted.jpeg,/sessions/zen-nice-ritchie/mnt/Frontfarben/Rahmenfront/OL/605OL_converted.jpeg,Rahmenfront,OL,605,"frame front OL 605, cyan framed panel kitchen door surface",Rahmenfront/OL/605OL_converted.txt
Rahmenfront/FL/879FL_converted.jpeg,/sessions/zen-nice-ritchie/mnt/Frontfarben/Rahmenfront/FL/879FL_converted.jpeg,Rahmenfront,FL,879,"frame front FL 879, light gray framed panel kitchen door surface",Rahmenfront/FL/879FL_converted.txt
Rahmenfront/FL/765FL_converted.jpeg,/sessions/zen-nice-ritchie/mnt/Frontfarben/Rahmenfront/FL/765FL_converted.jpeg,Rahmenfront,FL,765,"frame front FL 765, brown framed panel kitchen door surface",Rahmenfront/FL/765FL_converted.txt
Rahmenfront/FL/771FL_converted.jpeg,/sessions/zen-nice-ritchie/mnt/Frontfarben/Rahmenfront/FL/771FL_converted.jpeg,Rahmenfront,FL,771,"frame front FL 771, brown framed panel kitchen door surface",Rahmenfront/FL/771FL_converted.txt
Rahmenfront/FL/270FL_converted.jpeg,/sessions/zen-nice-ritchie/mnt/Frontfarben/Rahmenfront/FL/270FL_converted.jpeg,Rahmenfront,FL,270,"frame front FL 270, light gray framed panel kitchen door surface",Rahmenfront/FL/270FL_converted.txt
Rahmenfront/FL/197FL_converted.jpeg,/sessions/zen-nice-ritchie/mnt/Frontfarben/Rahmenfront/FL/197FL_converted.jpeg,Rahmenfront,FL,197,"frame front FL 197, orange framed panel kitchen door surface",Rahmenfront/FL/197FL_converted.txt
Rahmenfront/FL/114FL_converted.jpeg,/sessions/zen-nice-ritchie/mnt/Frontfarben/Rahmenfront/FL/114FL_converted.jpeg,Rahmenfront,FL,114,"frame front FL 114, brown framed panel kitchen door surface",Rahmenfront/FL/114FL_converted.txt
Rahmenfront/FL/730FL_converted.jpeg,/sessions/zen-nice-ritchie/mnt/Frontfarben/Rahmenfront/FL/730FL_converted.jpeg,Rahmenfront,FL,730,"frame front FL 730, dark gray framed panel kitchen door surface",Rahmenfront/FL/730FL_converted.txt
Rahmenfront/FL/165FL_converted.jpeg,/sessions/zen-nice-ritchie/mnt/Frontfarben/Rahmenfront/FL/165FL_converted.jpeg,Rahmenfront,FL,165,"frame front FL 165, medium gray framed panel kitchen door surface",Rahmenfront/FL/165FL_converted.txt
Rahmenfront/FL/204FL_converted.jpeg,/sessions/zen-nice-ritchie/mnt/Frontfarben/Rahmenfront/FL/204FL_converted.jpeg,Rahmenfront,FL,204,"frame front FL 204, brown framed panel kitchen door surface",Rahmenfront/FL/204FL_converted.txt
Rahmenfront/FL/602FL_converted.jpeg,/sessions/zen-nice-ritchie/mnt/Frontfarben/Rahmenfront/FL/602FL_converted.jpeg,Rahmenfront,FL,602,"frame front FL 602, light brown framed panel kitchen door surface",Rahmenfront/FL/602FL_converted.txt
Rahmenfront/FL/198FL_converted.jpeg,/sessions/zen-nice-ritchie/mnt/Frontfarben/Rahmenfront/FL/198FL_converted.jpeg,Rahmenfront,FL,198,"frame front FL 198, orange framed panel kitchen door surface",Rahmenfront/FL/198FL_converted.txt
Rahmenfront/FL/430FL_converted.jpeg,/sessions/zen-nice-ritchie/mnt/Frontfarben/Rahmenfront/FL/430FL_converted.jpeg,Rahmenfront,FL,430,"frame front FL 430, dark blue framed panel kitchen door surface",Rahmenfront/FL/430FL_converted.txt
Rahmenfront/FL/751FL_converted.jpeg,/sessions/zen-nice-ritchie/mnt/Frontfarben/Rahmenfront/FL/751FL_converted.jpeg,Rahmenfront,FL,751,"frame front FL 751, light gray framed panel kitchen door surface",Rahmenfront/FL/751FL_converted.txt
Rahmenfront/FL/226FL_converted.jpeg,/sessions/zen-nice-ritchie/mnt/Frontfarben/Rahmenfront/FL/226FL_converted.jpeg,Rahmenfront,FL,226,"frame front FL 226, red framed panel kitchen door surface",Rahmenfront/FL/226FL_converted.txt
Rahmenfront/FL/763FL_converted.jpeg,/sessions/zen-nice-ritchie/mnt/Frontfarben/Rahmenfront/FL/763FL_converted.jpeg,Rahmenfront,FL,763,"frame front FL 763, brown framed panel kitchen door surface",Rahmenfront/FL/763FL_converted.txt
Rahmenfront/FL/752FL_converted.jpeg,/sessions/zen-nice-ritchie/mnt/Frontfarben/Rahmenfront/FL/752FL_converted.jpeg,Rahmenfront,FL,752,"frame front FL 752, light brown framed panel kitchen door surface",Rahmenfront/FL/752FL_converted.txt
Rahmenfront/FL/851FL_converted.jpeg,/sessions/zen-nice-ritchie/mnt/Frontfarben/Rahmenfront/FL/851FL_converted.jpeg,Rahmenfront,FL,851,"frame front FL 851, light gray framed panel kitchen door surface",Rahmenfront/FL/851FL_converted.txt
Rahmenfront/FL/113FL_converted.jpeg,/sessions/zen-nice-ritchie/mnt/Frontfarben/Rahmenfront/FL/113FL_converted.jpeg,Rahmenfront,FL,113,"frame front FL 113, brown framed panel kitchen door surface",Rahmenfront/FL/113FL_converted.txt
Rahmenfront/FL/781FL_converted.jpeg,/sessions/zen-nice-ritchie/mnt/Frontfarben/Rahmenfront/FL/781FL_converted.jpeg,Rahmenfront,FL,781,"frame front FL 781, brown framed panel kitchen door surface",Rahmenfront/FL/781FL_converted.txt
Rahmenfront/FL/139FL_converted.jpeg,/sessions/zen-nice-ritchie/mnt/Frontfarben/Rahmenfront/FL/139FL_converted.jpeg,Rahmenfront,FL,139,"frame front FL 139, light brown framed panel kitchen door surface",Rahmenfront/FL/139FL_converted.txt
Rahmenfront/FL/605FL_converted.jpeg,/sessions/zen-nice-ritchie/mnt/Frontfarben/Rahmenfront/FL/605FL_converted.jpeg,Rahmenfront,FL,605,"frame front FL 605, cyan framed panel kitchen door surface",Rahmenfront/FL/605FL_converted.txt
Rahmenfront/FL/206FL_converted.jpeg,/sessions/zen-nice-ritchie/mnt/Frontfarben/Rahmenfront/FL/206FL_converted.jpeg,Rahmenfront,FL,206,"frame front FL 206, brown framed panel kitchen door surface",Rahmenfront/FL/206FL_converted.txt
Rahmenfront/FL/875FL_converted.jpeg,/sessions/zen-nice-ritchie/mnt/Frontfarben/Rahmenfront/FL/875FL_converted.jpeg,Rahmenfront,FL,875,"frame front FL 875, brown framed panel kitchen door surface",Rahmenfront/FL/875FL_converted.txt
Rahmenfront/FL/277FL_converted.jpeg,/sessions/zen-nice-ritchie/mnt/Frontfarben/Rahmenfront/FL/277FL_converted.jpeg,Rahmenfront,FL,277,"frame front FL 277, orange framed panel kitchen door surface",Rahmenfront/FL/277FL_converted.txt
Rahmenfront/FL/278FL_converted.jpeg,/sessions/zen-nice-ritchie/mnt/Frontfarben/Rahmenfront/FL/278FL_converted.jpeg,Rahmenfront,FL,278,"frame front FL 278, brown framed panel kitchen door surface",Rahmenfront/FL/278FL_converted.txt
Rahmenfront/FL/766FL_converted.jpeg,/sessions/zen-nice-ritchie/mnt/Frontfarben/Rahmenfront/FL/766FL_converted.jpeg,Rahmenfront,FL,766,"frame front FL 766, orange framed panel kitchen door surface",Rahmenfront/FL/766FL_converted.txt
Rahmenfront/NL/879NL_converted.jpeg,/sessions/zen-nice-ritchie/mnt/Frontfarben/Rahmenfront/NL/879NL_converted.jpeg,Rahmenfront,NL,879,"frame front NL 879, light gray framed panel kitchen door surface",Rahmenfront/NL/879NL_converted.txt
Rahmenfront/NL/765NL_converted.jpeg,/sessions/zen-nice-ritchie/mnt/Frontfarben/Rahmenfront/NL/765NL_converted.jpeg,Rahmenfront,NL,765,"frame front NL 765, brown framed panel kitchen door surface",Rahmenfront/NL/765NL_converted.txt
Rahmenfront/NL/771NL_converted.jpeg,/sessions/zen-nice-ritchie/mnt/Frontfarben/Rahmenfront/NL/771NL_converted.jpeg,Rahmenfront,NL,771,"frame front NL 771, brown framed panel kitchen door surface",Rahmenfront/NL/771NL_converted.txt
Rahmenfront/NL/270NL_converted.jpeg,/sessions/zen-nice-ritchie/mnt/Frontfarben/Rahmenfront/NL/270NL_converted.jpeg,Rahmenfront,NL,270,"frame front NL 270, light gray framed panel kitchen door surface",Rahmenfront/NL/270NL_converted.txt
Rahmenfront/NL/198NL_converted.jpeg,/sessions/zen-nice-ritchie/mnt/Frontfarben/Rahmenfront/NL/198NL_converted.jpeg,Rahmenfront,NL,198,"frame front NL 198, orange framed panel kitchen door surface",Rahmenfront/NL/198NL_converted.txt
Rahmenfront/NL/751NL_converted.jpeg,/sessions/zen-nice-ritchie/mnt/Frontfarben/Rahmenfront/NL/751NL_converted.jpeg,Rahmenfront,NL,751,"frame front NL 751, light gray framed panel kitchen door surface",Rahmenfront/NL/751NL_converted.txt
Rahmenfront/NL/430NL_converted.jpeg,/sessions/zen-nice-ritchie/mnt/Frontfarben/Rahmenfront/NL/430NL_converted.jpeg,Rahmenfront,NL,430,"frame front NL 430, dark blue framed panel kitchen door surface",Rahmenfront/NL/430NL_converted.txt
Rahmenfront/NL/114NL_converted.jpeg,/sessions/zen-nice-ritchie/mnt/Frontfarben/Rahmenfront/NL/114NL_converted.jpeg,Rahmenfront,NL,114,"frame front NL 114, brown framed panel kitchen door surface",Rahmenfront/NL/114NL_converted.txt
Rahmenfront/NL/197NL_converted.jpeg,/sessions/zen-nice-ritchie/mnt/Frontfarben/Rahmenfront/NL/197NL_converted.jpeg,Rahmenfront,NL,197,"frame front NL 197, orange framed panel kitchen door surface",Rahmenfront/NL/197NL_converted.txt
Rahmenfront/NL/730NL_converted.jpeg,/sessions/zen-nice-ritchie/mnt/Frontfarben/Rahmenfront/NL/730NL_converted.jpeg,Rahmenfront,NL,730,"frame front NL 730, dark gray framed panel kitchen door surface",Rahmenfront/NL/730NL_converted.txt
Rahmenfront/NL/204NL_converted.jpeg,/sessions/zen-nice-ritchie/mnt/Frontfarben/Rahmenfront/NL/204NL_converted.jpeg,Rahmenfront,NL,204,"frame front NL 204, brown framed panel kitchen door surface",Rahmenfront/NL/204NL_converted.txt
Rahmenfront/NL/602NL_converted.jpeg,/sessions/zen-nice-ritchie/mnt/Frontfarben/Rahmenfront/NL/602NL_converted.jpeg,Rahmenfront,NL,602,"frame front NL 602, light brown framed panel kitchen door surface",Rahmenfront/NL/602NL_converted.txt
Rahmenfront/NL/165NL_converted.jpeg,/sessions/zen-nice-ritchie/mnt/Frontfarben/Rahmenfront/NL/165NL_converted.jpeg,Rahmenfront,NL,165,"frame front NL 165, medium gray framed panel kitchen door surface",Rahmenfront/NL/165NL_converted.txt
Rahmenfront/NL/752NL_converted.jpeg,/sessions/zen-nice-ritchie/mnt/Frontfarben/Rahmenfront/NL/752NL_converted.jpeg,Rahmenfront,NL,752,"frame front NL 752, light brown framed panel kitchen door surface",Rahmenfront/NL/752NL_converted.txt
Rahmenfront/NL/851NL_converted.jpeg,/sessions/zen-nice-ritchie/mnt/Frontfarben/Rahmenfront/NL/851NL_converted.jpeg,Rahmenfront,NL,851,"frame front NL 851, light gray framed panel kitchen door surface",Rahmenfront/NL/851NL_converted.txt
Rahmenfront/NL/113NL_converted.jpeg,/sessions/zen-nice-ritchie/mnt/Frontfarben/Rahmenfront/NL/113NL_converted.jpeg,Rahmenfront,NL,113,"frame front NL 113, brown framed panel kitchen door surface",Rahmenfront/NL/113NL_converted.txt
Rahmenfront/NL/139NL_converted.jpeg,/sessions/zen-nice-ritchie/mnt/Frontfarben/Rahmenfront/NL/139NL_converted.jpeg,Rahmenfront,NL,139,"frame front NL 139, light brown framed panel kitchen door surface",Rahmenfront/NL/139NL_converted.txt
Rahmenfront/NL/605NL_converted.jpeg,/sessions/zen-nice-ritchie/mnt/Frontfarben/Rahmenfront/NL/605NL_converted.jpeg,Rahmenfront,NL,605,"frame front NL 605, cyan framed panel kitchen door surface",Rahmenfront/NL/605NL_converted.txt
Rahmenfront/NL/781NL_converted.jpeg,/sessions/zen-nice-ritchie/mnt/Frontfarben/Rahmenfront/NL/781NL_converted.jpeg,Rahmenfront,NL,781,"frame front NL 781, brown framed panel kitchen door surface",Rahmenfront/NL/781NL_converted.txt
Rahmenfront/NL/226NL_converted.jpeg,/sessions/zen-nice-ritchie/mnt/Frontfarben/Rahmenfront/NL/226NL_converted.jpeg,Rahmenfront,NL,226,"frame front NL 226, red framed panel kitchen door surface",Rahmenfront/NL/226NL_converted.txt
Rahmenfront/NL/763NL_converted.jpeg,/sessions/zen-nice-ritchie/mnt/Frontfarben/Rahmenfront/NL/763NL_converted.jpeg,Rahmenfront,NL,763,"frame front NL 763, brown framed panel kitchen door surface",Rahmenfront/NL/763NL_converted.txt
Rahmenfront/NL/278NL_converted.jpeg,/sessions/zen-nice-ritchie/mnt/Frontfarben/Rahmenfront/NL/278NL_converted.jpeg,Rahmenfront,NL,278,"frame front NL 278, brown framed panel kitchen door surface",Rahmenfront/NL/278NL_converted.txt
Rahmenfront/NL/766NL_converted.jpeg,/sessions/zen-nice-ritchie/mnt/Frontfarben/Rahmenfront/NL/766NL_converted.jpeg,Rahmenfront,NL,766,"frame front NL 766, orange framed panel kitchen door surface",Rahmenfront/NL/766NL_converted.txt
Rahmenfront/NL/206NL_converted.jpeg,/sessions/zen-nice-ritchie/mnt/Frontfarben/Rahmenfront/NL/206NL_converted.jpeg,Rahmenfront,NL,206,"frame front NL 206, brown framed panel kitchen door surface",Rahmenfront/NL/206NL_converted.txt
Rahmenfront/NL/875NL_converted.jpeg,/sessions/zen-nice-ritchie/mnt/Frontfarben/Rahmenfront/NL/875NL_converted.jpeg,Rahmenfront,NL,875,"frame front NL 875, brown framed panel kitchen door surface",Rahmenfront/NL/875NL_converted.txt
Rahmenfront/NL/277NL_converted.jpeg,/sessions/zen-nice-ritchie/mnt/Frontfarben/Rahmenfront/NL/277NL_converted.jpeg,Rahmenfront,NL,277,"frame front NL 277, orange framed panel kitchen door surface",Rahmenfront/NL/277NL_converted.txt
Rahmenfront/MX/751MX_converted.jpeg,/sessions/zen-nice-ritchie/mnt/Frontfarben/Rahmenfront/MX/751MX_converted.jpeg,Rahmenfront,MX,751,"frame front MX 751, white framed panel kitchen door surface",Rahmenfront/MX/751MX_converted.txt
Rahmenfront/MX/878MX_converted.jpeg,/sessions/zen-nice-ritchie/mnt/Frontfarben/Rahmenfront/MX/878MX_converted.jpeg,Rahmenfront,MX,878,"frame front MX 878, light gray framed panel kitchen door surface",Rahmenfront/MX/878MX_converted.txt
Rahmenfront/MX/145MX_converted.jpeg,/sessions/zen-nice-ritchie/mnt/Frontfarben/Rahmenfront/MX/145MX_converted.jpeg,Rahmenfront,MX,145,"frame front MX 145, white framed panel kitchen door surface",Rahmenfront/MX/145MX_converted.txt
Rahmenfront/MX/752MX_converted.jpeg,/sessions/zen-nice-ritchie/mnt/Frontfarben/Rahmenfront/MX/752MX_converted.jpeg,Rahmenfront,MX,752,"frame front MX 752, light brown framed panel kitchen door surface",Rahmenfront/MX/752MX_converted.txt
Rahmenfront/CL/278CL_converted.jpeg,/sessions/zen-nice-ritchie/mnt/Frontfarben/Rahmenfront/CL/278CL_converted.jpeg,Rahmenfront,CL,278,"frame front CL 278, brown framed panel kitchen door surface",Rahmenfront/CL/278CL_converted.txt
Rahmenfront/CL/277CL_converted.jpeg,/sessions/zen-nice-ritchie/mnt/Frontfarben/Rahmenfront/CL/277CL_converted.jpeg,Rahmenfront,CL,277,"frame front CL 277, orange framed panel kitchen door surface",Rahmenfront/CL/277CL_converted.txt
Rahmenfront/CL/875CL_converted.jpeg,/sessions/zen-nice-ritchie/mnt/Frontfarben/Rahmenfront/CL/875CL_converted.jpeg,Rahmenfront,CL,875,"frame front CL 875, brown framed panel kitchen door surface",Rahmenfront/CL/875CL_converted.txt
Rahmenfront/CL/206CL_converted.jpeg,/sessions/zen-nice-ritchie/mnt/Frontfarben/Rahmenfront/CL/206CL_converted.jpeg,Rahmenfront,CL,206,"frame front CL 206, brown framed panel kitchen door surface",Rahmenfront/CL/206CL_converted.txt
Rahmenfront/CL/139CL_converted.jpeg,/sessions/zen-nice-ritchie/mnt/Frontfarben/Rahmenfront/CL/139CL_converted.jpeg,Rahmenfront,CL,139,"frame front CL 139, light brown framed panel kitchen door surface",Rahmenfront/CL/139CL_converted.txt
Rahmenfront/CL/605CL_converted.jpeg,/sessions/zen-nice-ritchie/mnt/Frontfarben/Rahmenfront/CL/605CL_converted.jpeg,Rahmenfront,CL,605,"frame front CL 605, cyan framed panel kitchen door surface",Rahmenfront/CL/605CL_converted.txt
Rahmenfront/CL/781CL_converted.jpeg,/sessions/zen-nice-ritchie/mnt/Frontfarben/Rahmenfront/CL/781CL_converted.jpeg,Rahmenfront,CL,781,"frame front CL 781, brown framed panel kitchen door surface",Rahmenfront/CL/781CL_converted.txt
Rahmenfront/CL/851CL_converted.jpeg,/sessions/zen-nice-ritchie/mnt/Frontfarben/Rahmenfront/CL/851CL_converted.jpeg,Rahmenfront,CL,851,"frame front CL 851, light gray framed panel kitchen door surface",Rahmenfront/CL/851CL_converted.txt
Rahmenfront/CL/752CL_converted.jpeg,/sessions/zen-nice-ritchie/mnt/Frontfarben/Rahmenfront/CL/752CL_converted.jpeg,Rahmenfront,CL,752,"frame front CL 752, light brown framed panel kitchen door surface",Rahmenfront/CL/752CL_converted.txt
Rahmenfront/CL/113CL_converted.jpeg,/sessions/zen-nice-ritchie/mnt/Frontfarben/Rahmenfront/CL/113CL_converted.jpeg,Rahmenfront,CL,113,"frame front CL 113, brown framed panel kitchen door surface",Rahmenfront/CL/113CL_converted.txt
Rahmenfront/CL/751CL_converted.jpeg,/sessions/zen-nice-ritchie/mnt/Frontfarben/Rahmenfront/CL/751CL_converted.jpeg,Rahmenfront,CL,751,"frame front CL 751, light gray framed panel kitchen door surface",Rahmenfront/CL/751CL_converted.txt
Rahmenfront/CL/430CL_converted.jpeg,/sessions/zen-nice-ritchie/mnt/Frontfarben/Rahmenfront/CL/430CL_converted.jpeg,Rahmenfront,CL,430,"frame front CL 430, dark blue framed panel kitchen door surface",Rahmenfront/CL/430CL_converted.txt
Rahmenfront/CL/198CL_converted.jpeg,/sessions/zen-nice-ritchie/mnt/Frontfarben/Rahmenfront/CL/198CL_converted.jpeg,Rahmenfront,CL,198,"frame front CL 198, orange framed panel kitchen door surface",Rahmenfront/CL/198CL_converted.txt
Rahmenfront/CL/602CL_converted.jpeg,/sessions/zen-nice-ritchie/mnt/Frontfarben/Rahmenfront/CL/602CL_converted.jpeg,Rahmenfront,CL,602,"frame front CL 602, light brown framed panel kitchen door surface",Rahmenfront/CL/602CL_converted.txt
Rahmenfront/CL/204CL_converted.jpeg,/sessions/zen-nice-ritchie/mnt/Frontfarben/Rahmenfront/CL/204CL_converted.jpeg,Rahmenfront,CL,204,"frame front CL 204, brown framed panel kitchen door surface",Rahmenfront/CL/204CL_converted.txt
Rahmenfront/CL/165CL_converted.jpeg,/sessions/zen-nice-ritchie/mnt/Frontfarben/Rahmenfront/CL/165CL_converted.jpeg,Rahmenfront,CL,165,"frame front CL 165, medium gray framed panel kitchen door surface",Rahmenfront/CL/165CL_converted.txt
Rahmenfront/CL/114CL_converted.jpeg,/sessions/zen-nice-ritchie/mnt/Frontfarben/Rahmenfront/CL/114CL_converted.jpeg,Rahmenfront,CL,114,"frame front CL 114, brown framed panel kitchen door surface",Rahmenfront/CL/114CL_converted.txt
Rahmenfront/CL/197CL_converted.jpeg,/sessions/zen-nice-ritchie/mnt/Frontfarben/Rahmenfront/CL/197CL_converted.jpeg,Rahmenfront,CL,197,"frame front CL 197, orange framed panel kitchen door surface",Rahmenfront/CL/197CL_converted.txt
Rahmenfront/CL/730CL_converted.jpeg,/sessions/zen-nice-ritchie/mnt/Frontfarben/Rahmenfront/CL/730CL_converted.jpeg,Rahmenfront,CL,730,"frame front CL 730, dark gray framed panel kitchen door surface",Rahmenfront/CL/730CL_converted.txt
Rahmenfront/CL/270CL_converted.jpeg,/sessions/zen-nice-ritchie/mnt/Frontfarben/Rahmenfront/CL/270CL_converted.jpeg,Rahmenfront,CL,270,"frame front CL 270, light gray framed panel kitchen door surface",Rahmenfront/CL/270CL_converted.txt
Rahmenfront/CL/879CL_converted.jpeg,/sessions/zen-nice-ritchie/mnt/Frontfarben/Rahmenfront/CL/879CL_converted.jpeg,Rahmenfront,CL,879,"frame front CL 879, light gray framed panel kitchen door surface",Rahmenfront/CL/879CL_converted.txt
Glaslaminat/VI/242VI_converted.jpeg,/sessions/zen-nice-ritchie/mnt/Frontfarben/Glaslaminat/VI/242VI_converted.jpeg,Glaslaminat,VI,242,"glass laminate front VI 242, light gray sleek glass finish kitchen door surface",Glaslaminat/VI/242VI_converted.txt
Glaslaminat/VI/145VI_converted.jpeg,/sessions/zen-nice-ritchie/mnt/Frontfarben/Glaslaminat/VI/145VI_converted.jpeg,Glaslaminat,VI,145,"glass laminate front VI 145, white sleek glass finish kitchen door surface",Glaslaminat/VI/145VI_converted.txt
Glaslaminat/VI/430VI_converted.jpeg,/sessions/zen-nice-ritchie/mnt/Frontfarben/Glaslaminat/VI/430VI_converted.jpeg,Glaslaminat,VI,430,"glass laminate front VI 430, dark blue sleek glass finish kitchen door surface",Glaslaminat/VI/430VI_converted.txt
Glaslaminat/VM/238VM_converted.jpeg,/sessions/zen-nice-ritchie/mnt/Frontfarben/Glaslaminat/VM/238VM_converted.jpeg,Glaslaminat,VM,238,"glass laminate front VM 238, dark gray sleek glass finish kitchen door surface",Glaslaminat/VM/238VM_converted.txt
Glaslaminat/VM/233VM_converted.jpeg,/sessions/zen-nice-ritchie/mnt/Frontfarben/Glaslaminat/VM/233VM_converted.jpeg,Glaslaminat,VM,233,"glass laminate front VM 233, light gray sleek glass finish kitchen door surface",Glaslaminat/VM/233VM_converted.txt
Glaslaminat/VM/730VM_converted.jpeg,/sessions/zen-nice-ritchie/mnt/Frontfarben/Glaslaminat/VM/730VM_converted.jpeg,Glaslaminat,VM,730,"glass laminate front VM 730, dark gray sleek glass finish kitchen door surface",Glaslaminat/VM/730VM_converted.txt
Glaslaminat/VM/145VM_converted.jpeg,/sessions/zen-nice-ritchie/mnt/Frontfarben/Glaslaminat/VM/145VM_converted.jpeg,Glaslaminat,VM,145,"glass laminate front VM 145, white sleek glass finish kitchen door surface",Glaslaminat/VM/145VM_converted.txt
Nussbaumfront/WN/832WN_converted.jpeg,/sessions/zen-nice-ritchie/mnt/Frontfarben/Nussbaumfront/WN/832WN_converted.jpeg,Nussbaumfront,WN,832,"walnut wood front WN 832, orange rich wood grain kitchen door surface",Nussbaumfront/WN/832WN_converted.txt
Matte Kunststofffront/MT/783MT_converted.jpeg,/sessions/zen-nice-ritchie/mnt/Frontfarben/Matte Kunststofffront/MT/783MT_converted.jpeg,Matte Kunststofffront,MT,783,"matte plastic front MT 783, orange matte smooth kitchen door surface",Matte Kunststofffront/MT/783MT_converted.txt
Matte Kunststofffront/MT/748MT_converted.jpeg,/sessions/zen-nice-ritchie/mnt/Frontfarben/Matte Kunststofffront/MT/748MT_converted.jpeg,Matte Kunststofffront,MT,748,"matte plastic front MT 748, light brown matte smooth kitchen door surface",Matte Kunststofffront/MT/748MT_converted.txt
Matte Kunststofffront/KQ/245KQ_converted.jpeg,/sessions/zen-nice-ritchie/mnt/Frontfarben/Matte Kunststofffront/KQ/245KQ_converted.jpeg,Matte Kunststofffront,KQ,245,"matte plastic front KQ 245, light gray matte smooth kitchen door surface",Matte Kunststofffront/KQ/245KQ_converted.txt
Matte Kunststofffront/KQ/201KQ_converted.jpeg,/sessions/zen-nice-ritchie/mnt/Frontfarben/Matte Kunststofffront/KQ/201KQ_converted.jpeg,Matte Kunststofffront,KQ,201,"matte plastic front KQ 201, dark gray matte smooth kitchen door surface",Matte Kunststofffront/KQ/201KQ_converted.txt
Matte Kunststofffront/KQ/131KQ_converted.jpeg,/sessions/zen-nice-ritchie/mnt/Frontfarben/Matte Kunststofffront/KQ/131KQ_converted.jpeg,Matte Kunststofffront,KQ,131,"matte plastic front KQ 131, black matte smooth kitchen door surface",Matte Kunststofffront/KQ/131KQ_converted.txt
Matte Kunststofffront/KQ/175KQ_converted.jpeg,/sessions/zen-nice-ritchie/mnt/Frontfarben/Matte Kunststofffront/KQ/175KQ_converted.jpeg,Matte Kunststofffront,KQ,175,"matte plastic front KQ 175, orange matte smooth kitchen door surface",Matte Kunststofffront/KQ/175KQ_converted.txt
Matte Kunststofffront/KQ/244KQ_converted.jpeg,/sessions/zen-nice-ritchie/mnt/Frontfarben/Matte Kunststofffront/KQ/244KQ_converted.jpeg,Matte Kunststofffront,KQ,244,"matte plastic front KQ 244, medium gray matte smooth kitchen door surface",Matte Kunststofffront/KQ/244KQ_converted.txt
Matte Kunststofffront/KQ/886KQ_converted.jpeg,/sessions/zen-nice-ritchie/mnt/Frontfarben/Matte Kunststofffront/KQ/886KQ_converted.jpeg,Matte Kunststofffront,KQ,886,"matte plastic front KQ 886, light yellow matte smooth kitchen door surface",Matte Kunststofffront/KQ/886KQ_converted.txt
Matte Kunststofffront/KQ/178KQ_converted.jpeg,/sessions/zen-nice-ritchie/mnt/Frontfarben/Matte Kunststofffront/KQ/178KQ_converted.jpeg,Matte Kunststofffront,KQ,178,"matte plastic front KQ 178, dark brown matte smooth kitchen door surface",Matte Kunststofffront/KQ/178KQ_converted.txt
Matte Kunststofffront/KQ/246KQ_converted.jpeg,/sessions/zen-nice-ritchie/mnt/Frontfarben/Matte Kunststofffront/KQ/246KQ_converted.jpeg,Matte Kunststofffront,KQ,246,"matte plastic front KQ 246, vibrant orange matte smooth kitchen door surface",Matte Kunststofffront/KQ/246KQ_converted.txt
Matte Kunststofffront/MA/752MA_converted.jpeg,/sessions/zen-nice-ritchie/mnt/Frontfarben/Matte Kunststofffront/MA/752MA_converted.jpeg,Matte Kunststofffront,MA,752M,"matte plastic front MA 752M, light brown matte smooth kitchen door surface",Matte Kunststofffront/MA/752MA_converted.txt
Matte Kunststofffront/MA/113MA_converted.jpeg,/sessions/zen-nice-ritchie/mnt/Frontfarben/Matte Kunststofffront/MA/113MA_converted.jpeg,Matte Kunststofffront,MA,113M,"matte plastic front MA 113M, brown matte smooth kitchen door surface",Matte Kunststofffront/MA/113MA_converted.txt
Matte Kunststofffront/MA/781MA_converted.jpeg,/sessions/zen-nice-ritchie/mnt/Frontfarben/Matte Kunststofffront/MA/781MA_converted.jpeg,Matte Kunststofffront,MA,781M,"matte plastic front MA 781M, light gray matte smooth kitchen door surface",Matte Kunststofffront/MA/781MA_converted.txt
Matte Kunststofffront/MA/232MA_converted.jpeg,/sessions/zen-nice-ritchie/mnt/Frontfarben/Matte Kunststofffront/MA/232MA_converted.jpeg,Matte Kunststofffront,MA,232M,"matte plastic front MA 232M, cyan matte smooth kitchen door surface",Matte Kunststofffront/MA/232MA_converted.txt
Matte Kunststofffront/MA/430MA_converted.jpeg,/sessions/zen-nice-ritchie/mnt/Frontfarben/Matte Kunststofffront/MA/430MA_converted.jpeg,Matte Kunststofffront,MA,430M,"matte plastic front MA 430M, dark blue matte smooth kitchen door surface",Matte Kunststofffront/MA/430MA_converted.txt
Matte Kunststofffront/MA/751MA_converted.jpeg,/sessions/zen-nice-ritchie/mnt/Frontfarben/Matte Kunststofffront/MA/751MA_converted.jpeg,Matte Kunststofffront,MA,751M,"matte plastic front MA 751M, white matte smooth kitchen door surface",Matte Kunststofffront/MA/751MA_converted.txt
Matte Kunststofffront/MA/114MA_converted.jpeg,/sessions/zen-nice-ritchie/mnt/Frontfarben/Matte Kunststofffront/MA/114MA_converted.jpeg,Matte Kunststofffront,MA,114M,"matte plastic front MA 114M, medium gray matte smooth kitchen door surface",Matte Kunststofffront/MA/114MA_converted.txt
Matte Kunststofffront/MA/730MA_converted.jpeg,/sessions/zen-nice-ritchie/mnt/Frontfarben/Matte Kunststofffront/MA/730MA_converted.jpeg,Matte Kunststofffront,MA,730M,"matte plastic front MA 730M, dark gray matte smooth kitchen door surface",Matte Kunststofffront/MA/730MA_converted.txt
Matte Kunststofffront/MA/602MA_converted.jpeg,/sessions/zen-nice-ritchie/mnt/Frontfarben/Matte Kunststofffront/MA/602MA_converted.jpeg,Matte Kunststofffront,MA,602M,"matte plastic front MA 602M, light brown matte smooth kitchen door surface",Matte Kunststofffront/MA/602MA_converted.txt
Matte Kunststofffront/MA/879MA_converted.jpeg,/sessions/zen-nice-ritchie/mnt/Frontfarben/Matte Kunststofffront/MA/879MA_converted.jpeg,Matte Kunststofffront,MA,879M,"matte plastic front MA 879M, light gray matte smooth kitchen door surface",Matte Kunststofffront/MA/879MA_converted.txt
Matte Kunststofffront/MA/220MA_converted.jpeg,/sessions/zen-nice-ritchie/mnt/Frontfarben/Matte Kunststofffront/MA/220MA_converted.jpeg,Matte Kunststofffront,MA,220M,"matte plastic front MA 220M, dark brown matte smooth kitchen door surface",Matte Kunststofffront/MA/220MA_converted.txt
Matte Kunststofffront/MA/843MA_converted.jpeg,/sessions/zen-nice-ritchie/mnt/Frontfarben/Matte Kunststofffront/MA/843MA_converted.jpeg,Matte Kunststofffront,MA,843M,"matte plastic front MA 843M, dark blue matte smooth kitchen door surface",Matte Kunststofffront/MA/843MA_converted.txt
Matte Kunststofffront/MA/145MA_converted.jpeg,/sessions/zen-nice-ritchie/mnt/Frontfarben/Matte Kunststofffront/MA/145MA_converted.jpeg,Matte Kunststofffront,MA,145M,"matte plastic front MA 145M, white matte smooth kitchen door surface",Matte Kunststofffront/MA/145MA_converted.txt
Matte Kunststofffront/FM/270FM_converted.jpeg,/sessions/zen-nice-ritchie/mnt/Frontfarben/Matte Kunststofffront/FM/270FM_converted.jpeg,Matte Kunststofffront,FM,270,"matte plastic front FM 270, white matte smooth kitchen door surface",Matte Kunststofffront/FM/270FM_converted.txt
Matte Kunststofffront/FM/879FM_converted.jpeg,/sessions/zen-nice-ritchie/mnt/Frontfarben/Matte Kunststofffront/FM/879FM_converted.jpeg,Matte Kunststofffront,FM,879,"matte plastic front FM 879, light gray matte smooth kitchen door surface",Matte Kunststofffront/FM/879FM_converted.txt
Matte Kunststofffront/FM/145FM_converted.jpeg,/sessions/zen-nice-ritchie/mnt/Frontfarben/Matte Kunststofffront/FM/145FM_converted.jpeg,Matte Kunststofffront,FM,145,"matte plastic front FM 145, white matte smooth kitchen door surface",Matte Kunststofffront/FM/145FM_converted.txt
Matte Kunststofffront/FM/241FM_converted.jpeg,/sessions/zen-nice-ritchie/mnt/Frontfarben/Matte Kunststofffront/FM/241FM_converted.jpeg,Matte Kunststofffront,FM,241,"matte plastic front FM 241, dark orange matte smooth kitchen door surface",Matte Kunststofffront/FM/241FM_converted.txt
Matte Kunststofffront/FM/852FH_converted.jpeg,/sessions/zen-nice-ritchie/mnt/Frontfarben/Matte Kunststofffront/FM/852FH_converted.jpeg,Matte Kunststofffront,FM,852FH,"matte plastic front FM 852FH, orange matte smooth kitchen door surface",Matte Kunststofffront/FM/852FH_converted.txt
Matte Kunststofffront/FM/211FM_converted.jpeg,/sessions/zen-nice-ritchie/mnt/Frontfarben/Matte Kunststofffront/FM/211FM_converted.jpeg,Matte Kunststofffront,FM,211,"matte plastic front FM 211, brown matte smooth kitchen door surface",Matte Kunststofffront/FM/211FM_converted.txt
Matte Kunststofffront/FM/751FM_converted.jpeg,/sessions/zen-nice-ritchie/mnt/Frontfarben/Matte Kunststofffront/FM/751FM_converted.jpeg,Matte Kunststofffront,FM,751,"matte plastic front FM 751, white matte smooth kitchen door surface",Matte Kunststofffront/FM/751FM_converted.txt
Matte Kunststofffront/FM/878FM_converted.jpeg,/sessions/zen-nice-ritchie/mnt/Frontfarben/Matte Kunststofffront/FM/878FM_converted.jpeg,Matte Kunststofffront,FM,878,"matte plastic front FM 878, light gray matte smooth kitchen door surface",Matte Kunststofffront/FM/878FM_converted.txt
Matte Kunststofffront/FM/165FM_converted.jpeg,/sessions/zen-nice-ritchie/mnt/Frontfarben/Matte Kunststofffront/FM/165FM_converted.jpeg,Matte Kunststofffront,FM,165,"matte plastic front FM 165, medium gray matte smooth kitchen door surface",Matte Kunststofffront/FM/165FM_converted.txt
Matte Kunststofffront/FM/204FM_converted.jpeg,/sessions/zen-nice-ritchie/mnt/Frontfarben/Matte Kunststofffront/FM/204FM_converted.jpeg,Matte Kunststofffront,FM,204,"matte plastic front FM 204, medium gray matte smooth kitchen door surface",Matte Kunststofffront/FM/204FM_converted.txt
Matte Kunststofffront/FM/602FM_converted.jpeg,/sessions/zen-nice-ritchie/mnt/Frontfarben/Matte Kunststofffront/FM/602FM_converted.jpeg,Matte Kunststofffront,FM,602,"matte plastic front FM 602, light brown matte smooth kitchen door surface",Matte Kunststofffront/FM/602FM_converted.txt
Matte Kunststofffront/FM/111FH_converted.jpeg,/sessions/zen-nice-ritchie/mnt/Frontfarben/Matte Kunststofffront/FM/111FH_converted.jpeg,Matte Kunststofffront,FM,111FH,"matte plastic front FM 111FH, light brown matte smooth kitchen door surface",Matte Kunststofffront/FM/111FH_converted.txt
Matte Kunststofffront/FM/730FM_converted.jpeg,/sessions/zen-nice-ritchie/mnt/Frontfarben/Matte Kunststofffront/FM/730FM_converted.jpeg,Matte Kunststofffront,FM,730,"matte plastic front FM 730, dark gray matte smooth kitchen door surface",Matte Kunststofffront/FM/730FM_converted.txt
Matte Kunststofffront/FM/247FM_converted.jpeg,/sessions/zen-nice-ritchie/mnt/Frontfarben/Matte Kunststofffront/FM/247FM_converted.jpeg,Matte Kunststofffront,FM,247,"matte plastic front FM 247, vibrant orange matte smooth kitchen door surface",Matte Kunststofffront/FM/247FM_converted.txt
Matte Kunststofffront/FM/781FM_converted.jpeg,/sessions/zen-nice-ritchie/mnt/Frontfarben/Matte Kunststofffront/FM/781FM_converted.jpeg,Matte Kunststofffront,FM,781,"matte plastic front FM 781, light gray matte smooth kitchen door surface",Matte Kunststofffront/FM/781FM_converted.txt
Matte Kunststofffront/FM/815FM_converted.jpeg,/sessions/zen-nice-ritchie/mnt/Frontfarben/Matte Kunststofffront/FM/815FM_converted.jpeg,Matte Kunststofffront,FM,815,"matte plastic front FM 815, medium gray matte smooth kitchen door surface",Matte Kunststofffront/FM/815FM_converted.txt
Matte Kunststofffront/FM/113FM_converted.jpeg,/sessions/zen-nice-ritchie/mnt/Frontfarben/Matte Kunststofffront/FM/113FM_converted.jpeg,Matte Kunststofffront,FM,113,"matte plastic front FM 113, brown matte smooth kitchen door surface",Matte Kunststofffront/FM/113FM_converted.txt
Matte Kunststofffront/FM/851FM_converted.jpeg,/sessions/zen-nice-ritchie/mnt/Frontfarben/Matte Kunststofffront/FM/851FM_converted.jpeg,Matte Kunststofffront,FM,851,"matte plastic front FM 851, white matte smooth kitchen door surface",Matte Kunststofffront/FM/851FM_converted.txt
Matte Kunststofffront/FM/752FM_converted.jpeg,/sessions/zen-nice-ritchie/mnt/Frontfarben/Matte Kunststofffront/FM/752FM_converted.jpeg,Matte Kunststofffront,FM,752,"matte plastic front FM 752, light brown matte smooth kitchen door surface",Matte Kunststofffront/FM/752FM_converted.txt
Matte Kunststofffront/FM/852FV_converted.jpeg,/sessions/zen-nice-ritchie/mnt/Frontfarben/Matte Kunststofffront/FM/852FV_converted.jpeg,Matte Kunststofffront,FM,852FV,"matte plastic front FM 852FV, orange matte smooth kitchen door surface",Matte Kunststofffront/FM/852FV_converted.txt
Matte Kunststofffront/FM/243FM_converted.jpeg,/sessions/zen-nice-ritchie/mnt/Frontfarben/Matte Kunststofffront/FM/243FM_converted.jpeg,Matte Kunststofffront,FM,243,"matte plastic front FM 243, yellow matte smooth kitchen door surface",Matte Kunststofffront/FM/243FM_converted.txt
Matte Kunststofffront/FM/111FV_converted.jpeg,/sessions/zen-nice-ritchie/mnt/Frontfarben/Matte Kunststofffront/FM/111FV_converted.jpeg,Matte Kunststofffront,FM,111FV,"matte plastic front FM 111FV, light brown matte smooth kitchen door surface",Matte Kunststofffront/FM/111FV_converted.txt
Matte Kunststofffront/FM/875FM_converted.jpeg,/sessions/zen-nice-ritchie/mnt/Frontfarben/Matte Kunststofffront/FM/875FM_converted.jpeg,Matte Kunststofffront,FM,875,"matte plastic front FM 875, brown matte smooth kitchen door surface",Matte Kunststofffront/FM/875FM_converted.txt
Matte Kunststofffront/FM/854FM_converted.jpeg,/sessions/zen-nice-ritchie/mnt/Frontfarben/Matte Kunststofffront/FM/854FM_converted.jpeg,Matte Kunststofffront,FM,854,"matte plastic front FM 854, brown matte smooth kitchen door surface",Matte Kunststofffront/FM/854FM_converted.txt
Matte Kunststofffront/HPL/879XT_converted.jpeg,/sessions/zen-nice-ritchie/mnt/Frontfarben/Matte Kunststofffront/HPL/879XT_converted.jpeg,Matte Kunststofffront,HPL,879XT,"matte plastic front HPL 879XT, light gray matte smooth kitchen door surface",Matte Kunststofffront/HPL/879XT_converted.txt
Matte Kunststofffront/HPL/223FX_converted.jpeg,/sessions/zen-nice-ritchie/mnt/Frontfarben/Matte Kunststofffront/HPL/223FX_converted.jpeg,Matte Kunststofffront,HPL,223FX,"matte plastic front HPL 223FX, cyan matte smooth kitchen door surface",Matte Kunststofffront/HPL/223FX_converted.txt
Matte Kunststofffront/HPL/270XT_converted.jpeg,/sessions/zen-nice-ritchie/mnt/Frontfarben/Matte Kunststofffront/HPL/270XT_converted.jpeg,Matte Kunststofffront,HPL,270XT,"matte plastic front HPL 270XT, white matte smooth kitchen door surface",Matte Kunststofffront/HPL/270XT_converted.txt
Matte Kunststofffront/HPL/228FX_converted.jpeg,/sessions/zen-nice-ritchie/mnt/Frontfarben/Matte Kunststofffront/HPL/228FX_converted.jpeg,Matte Kunststofffront,HPL,228FX,"matte plastic front HPL 228FX, brown matte smooth kitchen door surface",Matte Kunststofffront/HPL/228FX_converted.txt
Matte Kunststofffront/HPL/374FX_converted.jpeg,/sessions/zen-nice-ritchie/mnt/Frontfarben/Matte Kunststofffront/HPL/374FX_converted.jpeg,Matte Kunststofffront,HPL,374FX,"matte plastic front HPL 374FX, light gray matte smooth kitchen door surface",Matte Kunststofffront/HPL/374FX_converted.txt
Matte Kunststofffront/HPL/355FX_converted.jpeg,/sessions/zen-nice-ritchie/mnt/Frontfarben/Matte Kunststofffront/HPL/355FX_converted.jpeg,Matte Kunststofffront,HPL,355FX,"matte plastic front HPL 355FX, red matte smooth kitchen door surface",Matte Kunststofffront/HPL/355FX_converted.txt
Matte Kunststofffront/HPL/351FX_converted.jpeg,/sessions/zen-nice-ritchie/mnt/Frontfarben/Matte Kunststofffront/HPL/351FX_converted.jpeg,Matte Kunststofffront,HPL,351FX,"matte plastic front HPL 351FX, white matte smooth kitchen door surface",Matte Kunststofffront/HPL/351FX_converted.txt
Matte Kunststofffront/HPL/212FX_converted.jpeg,/sessions/zen-nice-ritchie/mnt/Frontfarben/Matte Kunststofffront/HPL/212FX_converted.jpeg,Matte Kunststofffront,HPL,212FX,"matte plastic front HPL 212FX, black matte smooth kitchen door surface",Matte Kunststofffront/HPL/212FX_converted.txt
Matte Kunststofffront/HPL/228FX_converted(1).jpeg,/sessions/zen-nice-ritchie/mnt/Frontfarben/Matte Kunststofffront/HPL/228FX_converted(1).jpeg,Matte Kunststofffront,HPL,228FX,"matte plastic front HPL 228FX, brown matte smooth kitchen door surface",Matte Kunststofffront/HPL/228FX_converted(1).txt
Matte Kunststofffront/HPL/364FX_converted.jpeg,/sessions/zen-nice-ritchie/mnt/Frontfarben/Matte Kunststofffront/HPL/364FX_converted.jpeg,Matte Kunststofffront,HPL,364FX,"matte plastic front HPL 364FX, dark blue matte smooth kitchen door surface",Matte Kunststofffront/HPL/364FX_converted.txt
Matte Kunststofffront/HPL/205XT_converted.jpeg,/sessions/zen-nice-ritchie/mnt/Frontfarben/Matte Kunststofffront/HPL/205XT_converted.jpeg,Matte Kunststofffront,HPL,205XT,"matte plastic front HPL 205XT, dark red matte smooth kitchen door surface",Matte Kunststofffront/HPL/205XT_converted.txt
Matte Kunststofffront/HPL/227FX_converted.jpeg,/sessions/zen-nice-ritchie/mnt/Frontfarben/Matte Kunststofffront/HPL/227FX_converted.jpeg,Matte Kunststofffront,HPL,227FX,"matte plastic front HPL 227FX, white matte smooth kitchen door surface",Matte Kunststofffront/HPL/227FX_converted.txt
Matte Kunststofffront/HPL/145XT_converted.jpeg,/sessions/zen-nice-ritchie/mnt/Frontfarben/Matte Kunststofffront/HPL/145XT_converted.jpeg,Matte Kunststofffront,HPL,145XT,"matte plastic front HPL 145XT, white matte smooth kitchen door surface",Matte Kunststofffront/HPL/145XT_converted.txt
Matte Kunststofffront/HPL/361FX_converted.jpeg,/sessions/zen-nice-ritchie/mnt/Frontfarben/Matte Kunststofffront/HPL/361FX_converted.jpeg,Matte Kunststofffront,HPL,361FX,"matte plastic front HPL 361FX, medium gray matte smooth kitchen door surface",Matte Kunststofffront/HPL/361FX_converted.txt
Matte Kunststofffront/HPL/878XT_converted.jpeg,/sessions/zen-nice-ritchie/mnt/Frontfarben/Matte Kunststofffront/HPL/878XT_converted.jpeg,Matte Kunststofffront,HPL,878XT,"matte plastic front HPL 878XT, light gray matte smooth kitchen door surface",Matte Kunststofffront/HPL/878XT_converted.txt
Matte Kunststofffront/HPL/222FX_converted.jpeg,/sessions/zen-nice-ritchie/mnt/Frontfarben/Matte Kunststofffront/HPL/222FX_converted.jpeg,Matte Kunststofffront,HPL,222FX,"matte plastic front HPL 222FX, medium gray matte smooth kitchen door surface",Matte Kunststofffront/HPL/222FX_converted.txt
Matte Kunststofffront/HPL/751XT_converted.jpeg,/sessions/zen-nice-ritchie/mnt/Frontfarben/Matte Kunststofffront/HPL/751XT_converted.jpeg,Matte Kunststofffront,HPL,751XT,"matte plastic front HPL 751XT, white matte smooth kitchen door surface",Matte Kunststofffront/HPL/751XT_converted.txt
Matte Kunststofffront/HPL/430XT_converted.jpeg,/sessions/zen-nice-ritchie/mnt/Frontfarben/Matte Kunststofffront/HPL/430XT_converted.jpeg,Matte Kunststofffront,HPL,430XT,"matte plastic front HPL 430XT, dark blue matte smooth kitchen door surface",Matte Kunststofffront/HPL/430XT_converted.txt
Matte Kunststofffront/HPL/371FX_converted.jpeg,/sessions/zen-nice-ritchie/mnt/Frontfarben/Matte Kunststofffront/HPL/371FX_converted.jpeg,Matte Kunststofffront,HPL,371FX,"matte plastic front HPL 371FX, red matte smooth kitchen door surface",Matte Kunststofffront/HPL/371FX_converted.txt
Matte Kunststofffront/HPL/213FX_converted.jpeg,/sessions/zen-nice-ritchie/mnt/Frontfarben/Matte Kunststofffront/HPL/213FX_converted.jpeg,Matte Kunststofffront,HPL,213FX,"matte plastic front HPL 213FX, dark blue matte smooth kitchen door surface",Matte Kunststofffront/HPL/213FX_converted.txt
Matte Kunststofffront/HPL/730XT_converted.jpeg,/sessions/zen-nice-ritchie/mnt/Frontfarben/Matte Kunststofffront/HPL/730XT_converted.jpeg,Matte Kunststofffront,HPL,730XT,"matte plastic front HPL 730XT, dark gray matte smooth kitchen door surface",Matte Kunststofffront/HPL/730XT_converted.txt
Matte Kunststofffront/HPL/602XT_converted.jpeg,/sessions/zen-nice-ritchie/mnt/Frontfarben/Matte Kunststofffront/HPL/602XT_converted.jpeg,Matte Kunststofffront,HPL,602XT,"matte plastic front HPL 602XT, light brown matte smooth kitchen door surface",Matte Kunststofffront/HPL/602XT_converted.txt
Matte Kunststofffront/HPL/204XT_converted.jpeg,/sessions/zen-nice-ritchie/mnt/Frontfarben/Matte Kunststofffront/HPL/204XT_converted.jpeg,Matte Kunststofffront,HPL,204XT,"matte plastic front HPL 204XT, medium gray matte smooth kitchen door surface",Matte Kunststofffront/HPL/204XT_converted.txt
Matte Kunststofffront/HPL/365FX_converted.jpeg,/sessions/zen-nice-ritchie/mnt/Frontfarben/Matte Kunststofffront/HPL/365FX_converted.jpeg,Matte Kunststofffront,HPL,365FX,"matte plastic front HPL 365FX, green matte smooth kitchen door surface",Matte Kunststofffront/HPL/365FX_converted.txt
Matte Kunststofffront/HPL/165XT_converted.jpeg,/sessions/zen-nice-ritchie/mnt/Frontfarben/Matte Kunststofffront/HPL/165XT_converted.jpeg,Matte Kunststofffront,HPL,165XT,"matte plastic front HPL 165XT, medium gray matte smooth kitchen door surface",Matte Kunststofffront/HPL/165XT_converted.txt
Matte Kunststofffront/HPL/851XT_converted.jpeg,/sessions/zen-nice-ritchie/mnt/Frontfarben/Matte Kunststofffront/HPL/851XT_converted.jpeg,Matte Kunststofffront,HPL,851XT,"matte plastic front HPL 851XT, white matte smooth kitchen door surface",Matte Kunststofffront/HPL/851XT_converted.txt
Matte Kunststofffront/HPL/752XT_converted.jpeg,/sessions/zen-nice-ritchie/mnt/Frontfarben/Matte Kunststofffront/HPL/752XT_converted.jpeg,Matte Kunststofffront,HPL,752XT,"matte plastic front HPL 752XT, light brown matte smooth kitchen door surface",Matte Kunststofffront/HPL/752XT_converted.txt
Matte Kunststofffront/HPL/369FX_converted.jpeg,/sessions/zen-nice-ritchie/mnt/Frontfarben/Matte Kunststofffront/HPL/369FX_converted.jpeg,Matte Kunststofffront,HPL,369FX,"matte plastic front HPL 369FX, light brown matte smooth kitchen door surface",Matte Kunststofffront/HPL/369FX_converted.txt
Matte Kunststofffront/HPL/357FX_converted.jpeg,/sessions/zen-nice-ritchie/mnt/Frontfarben/Matte Kunststofffront/HPL/357FX_converted.jpeg,Matte Kunststofffront,HPL,357FX,"matte plastic front HPL 357FX, medium gray matte smooth kitchen door surface",Matte Kunststofffront/HPL/357FX_converted.txt
Matte Kunststofffront/HPL/376FX_converted.jpeg,/sessions/zen-nice-ritchie/mnt/Frontfarben/Matte Kunststofffront/HPL/376FX_converted.jpeg,Matte Kunststofffront,HPL,376FX,"matte plastic front HPL 376FX, dark magenta matte smooth kitchen door surface",Matte Kunststofffront/HPL/376FX_converted.txt
Matte Kunststofffront/HPL/815XT_converted.jpeg,/sessions/zen-nice-ritchie/mnt/Frontfarben/Matte Kunststofffront/HPL/815XT_converted.jpeg,Matte Kunststofffront,HPL,815XT,"matte plastic front HPL 815XT, medium gray matte smooth kitchen door surface",Matte Kunststofffront/HPL/815XT_converted.txt
Matte Kunststofffront/HPL/113XT_converted.jpeg,/sessions/zen-nice-ritchie/mnt/Frontfarben/Matte Kunststofffront/HPL/113XT_converted.jpeg,Matte Kunststofffront,HPL,113XT,"matte plastic front HPL 113XT, brown matte smooth kitchen door surface",Matte Kunststofffront/HPL/113XT_converted.txt
Matte Kunststofffront/HPL/781XT_converted.jpeg,/sessions/zen-nice-ritchie/mnt/Frontfarben/Matte Kunststofffront/HPL/781XT_converted.jpeg,Matte Kunststofffront,HPL,781XT,"matte plastic front HPL 781XT, light gray matte smooth kitchen door surface",Matte Kunststofffront/HPL/781XT_converted.txt
Matte Kunststofffront/HPL/225FX_converted.jpeg,/sessions/zen-nice-ritchie/mnt/Frontfarben/Matte Kunststofffront/HPL/225FX_converted.jpeg,Matte Kunststofffront,HPL,225FX,"matte plastic front HPL 225FX, blue matte smooth kitchen door surface",Matte Kunststofffront/HPL/225FX_converted.txt
Matte Kunststofffront/HPL/240FX_converted.jpeg,/sessions/zen-nice-ritchie/mnt/Frontfarben/Matte Kunststofffront/HPL/240FX_converted.jpeg,Matte Kunststofffront,HPL,240FX,"matte plastic front HPL 240FX, brown matte smooth kitchen door surface",Matte Kunststofffront/HPL/240FX_converted.txt
Matte Kunststofffront/HPL/366FX_converted.jpeg,/sessions/zen-nice-ritchie/mnt/Frontfarben/Matte Kunststofffront/HPL/366FX_converted.jpeg,Matte Kunststofffront,HPL,366FX,"matte plastic front HPL 366FX, blue matte smooth kitchen door surface",Matte Kunststofffront/HPL/366FX_converted.txt
Matte Kunststofffront/HPL/353FX_converted.jpeg,/sessions/zen-nice-ritchie/mnt/Frontfarben/Matte Kunststofffront/HPL/353FX_converted.jpeg,Matte Kunststofffront,HPL,353FX,"matte plastic front HPL 353FX, medium gray matte smooth kitchen door surface",Matte Kunststofffront/HPL/353FX_converted.txt
Matte Kunststofffront/HPL/368FX_converted.jpeg,/sessions/zen-nice-ritchie/mnt/Frontfarben/Matte Kunststofffront/HPL/368FX_converted.jpeg,Matte Kunststofffront,HPL,368FX,"matte plastic front HPL 368FX, vibrant red matte smooth kitchen door surface",Matte Kunststofffront/HPL/368FX_converted.txt
Matte Kunststofffront/HPL/356FX_converted.jpeg,/sessions/zen-nice-ritchie/mnt/Frontfarben/Matte Kunststofffront/HPL/356FX_converted.jpeg,Matte Kunststofffront,HPL,356FX,"matte plastic front HPL 356FX, brown matte smooth kitchen door surface",Matte Kunststofffront/HPL/356FX_converted.txt
Matte Kunststofffront/HPL/260FX_converted.jpeg,/sessions/zen-nice-ritchie/mnt/Frontfarben/Matte Kunststofffront/HPL/260FX_converted.jpeg,Matte Kunststofffront,HPL,260FX,"matte plastic front HPL 260FX, white matte smooth kitchen door surface",Matte Kunststofffront/HPL/260FX_converted.txt
Matte Kunststofffront/HPL/367FX_converted.jpeg,/sessions/zen-nice-ritchie/mnt/Frontfarben/Matte Kunststofffront/HPL/367FX_converted.jpeg,Matte Kunststofffront,HPL,367FX,"matte plastic front HPL 367FX, dark brown matte smooth kitchen door surface",Matte Kunststofffront/HPL/367FX_converted.txt
Matte Kunststofffront/HPL/224FX_converted.jpeg,/sessions/zen-nice-ritchie/mnt/Frontfarben/Matte Kunststofffront/HPL/224FX_converted.jpeg,Matte Kunststofffront,HPL,224FX,"matte plastic front HPL 224FX, red matte smooth kitchen door surface",Matte Kunststofffront/HPL/224FX_converted.txt
Matte Kunststofffront/HPL/352FX_converted.jpeg,/sessions/zen-nice-ritchie/mnt/Frontfarben/Matte Kunststofffront/HPL/352FX_converted.jpeg,Matte Kunststofffront,HPL,352FX,"matte plastic front HPL 352FX, brown matte smooth kitchen door surface",Matte Kunststofffront/HPL/352FX_converted.txt
Matte Kunststofffront/HPL/875XT_converted.jpeg,/sessions/zen-nice-ritchie/mnt/Frontfarben/Matte Kunststofffront/HPL/875XT_converted.jpeg,Matte Kunststofffront,HPL,875XT,"matte plastic front HPL 875XT, brown matte smooth kitchen door surface",Matte Kunststofffront/HPL/875XT_converted.txt
Matte Kunststofffront/HPL/373FX_converted.jpeg,/sessions/zen-nice-ritchie/mnt/Frontfarben/Matte Kunststofffront/HPL/373FX_converted.jpeg,Matte Kunststofffront,HPL,373FX,"matte plastic front HPL 373FX, orange matte smooth kitchen door surface",Matte Kunststofffront/HPL/373FX_converted.txt
Matte Kunststofffront/QM/752QM_converted.jpeg,/sessions/zen-nice-ritchie/mnt/Frontfarben/Matte Kunststofffront/QM/752QM_converted.jpeg,Matte Kunststofffront,QM,752,"matte plastic front QM 752, light brown matte smooth kitchen door surface",Matte Kunststofffront/QM/752QM_converted.txt
Matte Kunststofffront/QM/751QM_converted.jpeg,/sessions/zen-nice-ritchie/mnt/Frontfarben/Matte Kunststofffront/QM/751QM_converted.jpeg,Matte Kunststofffront,QM,751,"matte plastic front QM 751, white matte smooth kitchen door surface",Matte Kunststofffront/QM/751QM_converted.txt
Front mit Metalloberfläche/ME/266ME_converted.jpeg,/sessions/zen-nice-ritchie/mnt/Frontfarben/Front mit Metalloberfläche/ME/266ME_converted.jpeg,,,266,"unknown unknown 266, light brown smooth kitchen door surface",Front mit Metalloberfläche/ME/266ME_converted.txt
Front mit Metalloberfläche/ME/267ME_converted.jpeg,/sessions/zen-nice-ritchie/mnt/Frontfarben/Front mit Metalloberfläche/ME/267ME_converted.jpeg,,,267,"unknown unknown 267, orange smooth kitchen door surface",Front mit Metalloberfläche/ME/267ME_converted.txt
Front mit Metalloberfläche/ME/268ME_converted.jpeg,/sessions/zen-nice-ritchie/mnt/Frontfarben/Front mit Metalloberfläche/ME/268ME_converted.jpeg,,,268,"unknown unknown 268, light gray smooth kitchen door surface",Front mit Metalloberfläche/ME/268ME_converted.txt
Eichenholzfront/A/763A_converted.jpeg,/sessions/zen-nice-ritchie/mnt/Frontfarben/Eichenholzfront/A/763A_converted.jpeg,Eichenholzfront,A,763,"oak wood front A 763, brown natural wood grain kitchen door surface",Eichenholzfront/A/763A_converted.txt
Eichenholzfront/A/751A_converted.jpeg,/sessions/zen-nice-ritchie/mnt/Frontfarben/Eichenholzfront/A/751A_converted.jpeg,Eichenholzfront,A,751,"oak wood front A 751, light gray natural wood grain kitchen door surface",Eichenholzfront/A/751A_converted.txt
Eichenholzfront/A/879A_converted.jpeg,/sessions/zen-nice-ritchie/mnt/Frontfarben/Eichenholzfront/A/879A_converted.jpeg,Eichenholzfront,A,879,"oak wood front A 879, light gray natural wood grain kitchen door surface",Eichenholzfront/A/879A_converted.txt
Eichenholzfront/A/165A_converted.jpeg,/sessions/zen-nice-ritchie/mnt/Frontfarben/Eichenholzfront/A/165A_converted.jpeg,Eichenholzfront,A,165,"oak wood front A 165, medium gray natural wood grain kitchen door surface",Eichenholzfront/A/165A_converted.txt
Eichenholzfront/A/206A_converted.jpeg,/sessions/zen-nice-ritchie/mnt/Frontfarben/Eichenholzfront/A/206A_converted.jpeg,Eichenholzfront,A,206,"oak wood front A 206, brown natural wood grain kitchen door surface",Eichenholzfront/A/206A_converted.txt
Eichenholzfront/A/765A_converted.jpeg,/sessions/zen-nice-ritchie/mnt/Frontfarben/Eichenholzfront/A/765A_converted.jpeg,Eichenholzfront,A,765,"oak wood front A 765, brown natural wood grain kitchen door surface",Eichenholzfront/A/765A_converted.txt
Eichenholzfront/A/771A_converted.jpeg,/sessions/zen-nice-ritchie/mnt/Frontfarben/Eichenholzfront/A/771A_converted.jpeg,Eichenholzfront,A,771,"oak wood front A 771, dark brown natural wood grain kitchen door surface",Eichenholzfront/A/771A_converted.txt
Eichenholzfront/A/204A_converted.jpeg,/sessions/zen-nice-ritchie/mnt/Frontfarben/Eichenholzfront/A/204A_converted.jpeg,Eichenholzfront,A,204,"oak wood front A 204, brown natural wood grain kitchen door surface",Eichenholzfront/A/204A_converted.txt
Eichenholzfront/A/875A_converted.jpeg,/sessions/zen-nice-ritchie/mnt/Frontfarben/Eichenholzfront/A/875A_converted.jpeg,Eichenholzfront,A,875,"oak wood front A 875, brown natural wood grain kitchen door surface",Eichenholzfront/A/875A_converted.txt
Eichenholzfront/A/851A_converted.jpeg,/sessions/zen-nice-ritchie/mnt/Frontfarben/Eichenholzfront/A/851A_converted.jpeg,Eichenholzfront,A,851,"oak wood front A 851, light gray natural wood grain kitchen door surface",Eichenholzfront/A/851A_converted.txt
Eichenholzfront/A/113A_converted.jpeg,/sessions/zen-nice-ritchie/mnt/Frontfarben/Eichenholzfront/A/113A_converted.jpeg,Eichenholzfront,A,113,"oak wood front A 113, brown natural wood grain kitchen door surface",Eichenholzfront/A/113A_converted.txt
Eichenholzfront/A/114A_converted.jpeg,/sessions/zen-nice-ritchie/mnt/Frontfarben/Eichenholzfront/A/114A_converted.jpeg,Eichenholzfront,A,114,"oak wood front A 114, brown natural wood grain kitchen door surface",Eichenholzfront/A/114A_converted.txt
Eichenholzfront/A/781A_converted.jpeg,/sessions/zen-nice-ritchie/mnt/Frontfarben/Eichenholzfront/A/781A_converted.jpeg,Eichenholzfront,A,781,"oak wood front A 781, brown natural wood grain kitchen door surface",Eichenholzfront/A/781A_converted.txt
Eichenholzfront/A/752A_converted.jpeg,/sessions/zen-nice-ritchie/mnt/Frontfarben/Eichenholzfront/A/752A_converted.jpeg,Eichenholzfront,A,752,"oak wood front A 752, light brown natural wood grain kitchen door surface",Eichenholzfront/A/752A_converted.txt
Eichenholzfront/A/430A_converted.jpeg,/sessions/zen-nice-ritchie/mnt/Frontfarben/Eichenholzfront/A/430A_converted.jpeg,Eichenholzfront,A,430,"oak wood front A 430, dark blue natural wood grain kitchen door surface",Eichenholzfront/A/430A_converted.txt
Eichenholzfront/A/277A_converted.jpeg,/sessions/zen-nice-ritchie/mnt/Frontfarben/Eichenholzfront/A/277A_converted.jpeg,Eichenholzfront,A,277,"oak wood front A 277, orange natural wood grain kitchen door surface",Eichenholzfront/A/277A_converted.txt
Eichenholzfront/A/197A_converted.jpeg,/sessions/zen-nice-ritchie/mnt/Frontfarben/Eichenholzfront/A/197A_converted.jpeg,Eichenholzfront,A,197,"oak wood front A 197, orange natural wood grain kitchen door surface",Eichenholzfront/A/197A_converted.txt
Eichenholzfront/A/198A_converted.jpeg,/sessions/zen-nice-ritchie/mnt/Frontfarben/Eichenholzfront/A/198A_converted.jpeg,Eichenholzfront,A,198,"oak wood front A 198, orange natural wood grain kitchen door surface",Eichenholzfront/A/198A_converted.txt
Eichenholzfront/A/278A_converted.jpeg,/sessions/zen-nice-ritchie/mnt/Frontfarben/Eichenholzfront/A/278A_converted.jpeg,Eichenholzfront,A,278,"oak wood front A 278, brown natural wood grain kitchen door surface",Eichenholzfront/A/278A_converted.txt
Eichenholzfront/A/226A_converted.jpeg,/sessions/zen-nice-ritchie/mnt/Frontfarben/Eichenholzfront/A/226A_converted.jpeg,Eichenholzfront,A,226,"oak wood front A 226, red natural wood grain kitchen door surface",Eichenholzfront/A/226A_converted.txt
Eichenholzfront/A/605A_converted.jpeg,/sessions/zen-nice-ritchie/mnt/Frontfarben/Eichenholzfront/A/605A_converted.jpeg,Eichenholzfront,A,605,"oak wood front A 605, cyan natural wood grain kitchen door surface",Eichenholzfront/A/605A_converted.txt
Eichenholzfront/A/730A_converted.jpeg,/sessions/zen-nice-ritchie/mnt/Frontfarben/Eichenholzfront/A/730A_converted.jpeg,Eichenholzfront,A,730,"oak wood front A 730, dark gray natural wood grain kitchen door surface",Eichenholzfront/A/730A_converted.txt
Eichenholzfront/A/602A_converted.jpeg,/sessions/zen-nice-ritchie/mnt/Frontfarben/Eichenholzfront/A/602A_converted.jpeg,Eichenholzfront,A,602,"oak wood front A 602, light brown natural wood grain kitchen door surface",Eichenholzfront/A/602A_converted.txt
Eichenholzfront/A/139A_converted.jpeg,/sessions/zen-nice-ritchie/mnt/Frontfarben/Eichenholzfront/A/139A_converted.jpeg,Eichenholzfront,A,139,"oak wood front A 139, light brown natural wood grain kitchen door surface",Eichenholzfront/A/139A_converted.txt
Eichenholzfront/A/766A_converted.jpeg,/sessions/zen-nice-ritchie/mnt/Frontfarben/Eichenholzfront/A/766A_converted.jpeg,Eichenholzfront,A,766,"oak wood front A 766, orange natural wood grain kitchen door surface",Eichenholzfront/A/766A_converted.txt
Eichenholzfront/A/270A_converted.jpeg,/sessions/zen-nice-ritchie/mnt/Frontfarben/Eichenholzfront/A/270A_converted.jpeg,Eichenholzfront,A,270,"oak wood front A 270, light gray natural wood grain kitchen door surface",Eichenholzfront/A/270A_converted.txt
Eichenholzfront/B/206B_converted.jpeg,/sessions/zen-nice-ritchie/mnt/Frontfarben/Eichenholzfront/B/206B_converted.jpeg,Eichenholzfront,B,206,"oak wood front B 206, brown natural wood grain kitchen door surface",Eichenholzfront/B/206B_converted.txt
Eichenholzfront/B/765B_converted.jpeg,/sessions/zen-nice-ritchie/mnt/Frontfarben/Eichenholzfront/B/765B_converted.jpeg,Eichenholzfront,B,765,"oak wood front B 765, brown natural wood grain kitchen door surface",Eichenholzfront/B/765B_converted.txt
Eichenholzfront/B/763B_converted.jpeg,/sessions/zen-nice-ritchie/mnt/Frontfarben/Eichenholzfront/B/763B_converted.jpeg,Eichenholzfront,B,763,"oak wood front B 763, brown natural wood grain kitchen door surface",Eichenholzfront/B/763B_converted.txt
Eichenholzfront/B/751B_converted.jpeg,/sessions/zen-nice-ritchie/mnt/Frontfarben/Eichenholzfront/B/751B_converted.jpeg,Eichenholzfront,B,751,"oak wood front B 751, light gray natural wood grain kitchen door surface",Eichenholzfront/B/751B_converted.txt
Eichenholzfront/B/165B_converted.jpeg,/sessions/zen-nice-ritchie/mnt/Frontfarben/Eichenholzfront/B/165B_converted.jpeg,Eichenholzfront,B,165,"oak wood front B 165, medium gray natural wood grain kitchen door surface",Eichenholzfront/B/165B_converted.txt
Eichenholzfront/B/879B_converted.jpeg,/sessions/zen-nice-ritchie/mnt/Frontfarben/Eichenholzfront/B/879B_converted.jpeg,Eichenholzfront,B,879,"oak wood front B 879, light gray natural wood grain kitchen door surface",Eichenholzfront/B/879B_converted.txt
Eichenholzfront/B/277B_converted.jpeg,/sessions/zen-nice-ritchie/mnt/Frontfarben/Eichenholzfront/B/277B_converted.jpeg,Eichenholzfront,B,277,"oak wood front B 277, orange natural wood grain kitchen door surface",Eichenholzfront/B/277B_converted.txt
Eichenholzfront/B/197B_converted.jpeg,/sessions/zen-nice-ritchie/mnt/Frontfarben/Eichenholzfront/B/197B_converted.jpeg,Eichenholzfront,B,197,"oak wood front B 197, orange natural wood grain kitchen door surface",Eichenholzfront/B/197B_converted.txt
Eichenholzfront/B/730B_converted.jpeg,/sessions/zen-nice-ritchie/mnt/Frontfarben/Eichenholzfront/B/730B_converted.jpeg,Eichenholzfront,B,730,"oak wood front B 730, dark gray natural wood grain kitchen door surface",Eichenholzfront/B/730B_converted.txt
Eichenholzfront/B/226B_converted.jpeg,/sessions/zen-nice-ritchie/mnt/Frontfarben/Eichenholzfront/B/226B_converted.jpeg,Eichenholzfront,B,226,"oak wood front B 226, red natural wood grain kitchen door surface",Eichenholzfront/B/226B_converted.txt
Eichenholzfront/B/605B_converted.jpeg,/sessions/zen-nice-ritchie/mnt/Frontfarben/Eichenholzfront/B/605B_converted.jpeg,Eichenholzfront,B,605,"oak wood front B 605, cyan natural wood grain kitchen door surface",Eichenholzfront/B/605B_converted.txt
Eichenholzfront/B/198B_converted.jpeg,/sessions/zen-nice-ritchie/mnt/Frontfarben/Eichenholzfront/B/198B_converted.jpeg,Eichenholzfront,B,198,"oak wood front B 198, orange natural wood grain kitchen door surface",Eichenholzfront/B/198B_converted.txt
Eichenholzfront/B/278B_converted.jpeg,/sessions/zen-nice-ritchie/mnt/Frontfarben/Eichenholzfront/B/278B_converted.jpeg,Eichenholzfront,B,278,"oak wood front B 278, brown natural wood grain kitchen door surface",Eichenholzfront/B/278B_converted.txt
Eichenholzfront/B/139B_converted.jpeg,/sessions/zen-nice-ritchie/mnt/Frontfarben/Eichenholzfront/B/139B_converted.jpeg,Eichenholzfront,B,139,"oak wood front B 139, light brown natural wood grain kitchen door surface",Eichenholzfront/B/139B_converted.txt
Eichenholzfront/B/602B_converted.jpeg,/sessions/zen-nice-ritchie/mnt/Frontfarben/Eichenholzfront/B/602B_converted.jpeg,Eichenholzfront,B,602,"oak wood front B 602, light brown natural wood grain kitchen door surface",Eichenholzfront/B/602B_converted.txt
Eichenholzfront/B/270B_converted.jpeg,/sessions/zen-nice-ritchie/mnt/Frontfarben/Eichenholzfront/B/270B_converted.jpeg,Eichenholzfront,B,270,"oak wood front B 270, light gray natural wood grain kitchen door surface",Eichenholzfront/B/270B_converted.txt
Eichenholzfront/B/766B_converted.jpeg,/sessions/zen-nice-ritchie/mnt/Frontfarben/Eichenholzfront/B/766B_converted.jpeg,Eichenholzfront,B,766,"oak wood front B 766, orange natural wood grain kitchen door surface",Eichenholzfront/B/766B_converted.txt
Eichenholzfront/B/204B_converted.jpeg,/sessions/zen-nice-ritchie/mnt/Frontfarben/Eichenholzfront/B/204B_converted.jpeg,Eichenholzfront,B,204,"oak wood front B 204, brown natural wood grain kitchen door surface",Eichenholzfront/B/204B_converted.txt
Eichenholzfront/B/771B_converted.jpeg,/sessions/zen-nice-ritchie/mnt/Frontfarben/Eichenholzfront/B/771B_converted.jpeg,Eichenholzfront,B,771,"oak wood front B 771, dark brown natural wood grain kitchen door surface",Eichenholzfront/B/771B_converted.txt
Eichenholzfront/B/113B_converted.jpeg,/sessions/zen-nice-ritchie/mnt/Frontfarben/Eichenholzfront/B/113B_converted.jpeg,Eichenholzfront,B,113,"oak wood front B 113, brown natural wood grain kitchen door surface",Eichenholzfront/B/113B_converted.txt
Eichenholzfront/B/851B_converted.jpeg,/sessions/zen-nice-ritchie/mnt/Frontfarben/Eichenholzfront/B/851B_converted.jpeg,Eichenholzfront,B,851,"oak wood front B 851, light gray natural wood grain kitchen door surface",Eichenholzfront/B/851B_converted.txt
Eichenholzfront/B/875B_converted.jpeg,/sessions/zen-nice-ritchie/mnt/Frontfarben/Eichenholzfront/B/875B_converted.jpeg,Eichenholzfront,B,875,"oak wood front B 875, brown natural wood grain kitchen door surface",Eichenholzfront/B/875B_converted.txt
Eichenholzfront/B/781B_converted.jpeg,/sessions/zen-nice-ritchie/mnt/Frontfarben/Eichenholzfront/B/781B_converted.jpeg,Eichenholzfront,B,781,"oak wood front B 781, brown natural wood grain kitchen door surface",Eichenholzfront/B/781B_converted.txt
Eichenholzfront/B/114B_converted.jpeg,/sessions/zen-nice-ritchie/mnt/Frontfarben/Eichenholzfront/B/114B_converted.jpeg,Eichenholzfront,B,114,"oak wood front B 114, brown natural wood grain kitchen door surface",Eichenholzfront/B/114B_converted.txt
Eichenholzfront/B/430B_converted.jpeg,/sessions/zen-nice-ritchie/mnt/Frontfarben/Eichenholzfront/B/430B_converted.jpeg,Eichenholzfront,B,430,"oak wood front B 430, dark blue natural wood grain kitchen door surface",Eichenholzfront/B/430B_converted.txt
Eichenholzfront/B/752B_converted.jpeg,/sessions/zen-nice-ritchie/mnt/Frontfarben/Eichenholzfront/B/752B_converted.jpeg,Eichenholzfront,B,752,"oak wood front B 752, light brown natural wood grain kitchen door surface",Eichenholzfront/B/752B_converted.txt
Eichenholzfront/RW/217RW_converted.jpeg,/sessions/zen-nice-ritchie/mnt/Frontfarben/Eichenholzfront/RW/217RW_converted.jpeg,Eichenholzfront,RW,217,"oak wood front RW 217, orange natural wood grain kitchen door surface",Eichenholzfront/RW/217RW_converted.txt
Eichenholzfront/RP/139RP_converted.jpeg,/sessions/zen-nice-ritchie/mnt/Frontfarben/Eichenholzfront/RP/139RP_converted.jpeg,Eichenholzfront,RP,139,"oak wood front RP 139, light brown natural wood grain kitchen door surface",Eichenholzfront/RP/139RP_converted.txt
Synchronpore Front/SY/231VS_converted.jpeg,/sessions/zen-nice-ritchie/mnt/Frontfarben/Synchronpore Front/SY/231VS_converted.jpeg,Synchronpore Front,SY,231VS,"synchronized pore front SY 231VS, orange textured wood effect kitchen door surface",Synchronpore Front/SY/231VS_converted.txt
Synchronpore Front/SY/856VS_converted.jpeg,/sessions/zen-nice-ritchie/mnt/Frontfarben/Synchronpore Front/SY/856VS_converted.jpeg,Synchronpore Front,SY,856VS,"synchronized pore front SY 856VS, brown textured wood effect kitchen door surface",Synchronpore Front/SY/856VS_converted.txt
Synchronpore Front/SY/887HS_converted.jpeg,/sessions/zen-nice-ritchie/mnt/Frontfarben/Synchronpore Front/SY/887HS_converted.jpeg,Synchronpore Front,SY,887HS,"synchronized pore front SY 887HS, brown textured wood effect kitchen door surface",Synchronpore Front/SY/887HS_converted.txt
Synchronpore Front/SY/877VS_converted.jpeg,/sessions/zen-nice-ritchie/mnt/Frontfarben/Synchronpore Front/SY/877VS_converted.jpeg,Synchronpore Front,SY,877VS,"synchronized pore front SY 877VS, orange textured wood effect kitchen door surface",Synchronpore Front/SY/877VS_converted.txt
Synchronpore Front/SY/885VS_converted.jpeg,/sessions/zen-nice-ritchie/mnt/Frontfarben/Synchronpore Front/SY/885VS_converted.jpeg,Synchronpore Front,SY,885VS,"synchronized pore front SY 885VS, orange textured wood effect kitchen door surface",Synchronpore Front/SY/885VS_converted.txt
Synchronpore Front/SY/401VS_converted.jpeg,/sessions/zen-nice-ritchie/mnt/Frontfarben/Synchronpore Front/SY/401VS_converted.jpeg,Synchronpore Front,SY,401VS,"synchronized pore front SY 401VS, light brown textured wood effect kitchen door surface",Synchronpore Front/SY/401VS_converted.txt
Synchronpore Front/SY/881VS_converted.jpeg,/sessions/zen-nice-ritchie/mnt/Frontfarben/Synchronpore Front/SY/881VS_converted.jpeg,Synchronpore Front,SY,881VS,"synchronized pore front SY 881VS, light brown textured wood effect kitchen door surface",Synchronpore Front/SY/881VS_converted.txt
Synchronpore Front/SY/216HS_converted.jpeg,/sessions/zen-nice-ritchie/mnt/Frontfarben/Synchronpore Front/SY/216HS_converted.jpeg,Synchronpore Front,SY,216HS,"synchronized pore front SY 216HS, black textured wood effect kitchen door surface",Synchronpore Front/SY/216HS_converted.txt
Synchronpore Front/SY/115VS_converted.jpeg,/sessions/zen-nice-ritchie/mnt/Frontfarben/Synchronpore Front/SY/115VS_converted.jpeg,Synchronpore Front,SY,115VS,"synchronized pore front SY 115VS, dark red textured wood effect kitchen door surface",Synchronpore Front/SY/115VS_converted.txt
Synchronpore Front/SY/402HS_converted.jpeg,/sessions/zen-nice-ritchie/mnt/Frontfarben/Synchronpore Front/SY/402HS_converted.jpeg,Synchronpore Front,SY,402HS,"synchronized pore front SY 402HS, brown textured wood effect kitchen door surface",Synchronpore Front/SY/402HS_converted.txt
Synchronpore Front/SY/876VS_converted.jpeg,/sessions/zen-nice-ritchie/mnt/Frontfarben/Synchronpore Front/SY/876VS_converted.jpeg,Synchronpore Front,SY,876VS,"synchronized pore front SY 876VS, brown textured wood effect kitchen door surface",Synchronpore Front/SY/876VS_converted.txt
Synchronpore Front/SY/230VS_converted.jpeg,/sessions/zen-nice-ritchie/mnt/Frontfarben/Synchronpore Front/SY/230VS_converted.jpeg,Synchronpore Front,SY,230VS,"synchronized pore front SY 230VS, orange textured wood effect kitchen door surface",Synchronpore Front/SY/230VS_converted.txt
Synchronpore Front/SY/855HS_converted.jpeg,/sessions/zen-nice-ritchie/mnt/Frontfarben/Synchronpore Front/SY/855HS_converted.jpeg,Synchronpore Front,SY,855HS,"synchronized pore front SY 855HS, dark gray textured wood effect kitchen door surface",Synchronpore Front/SY/855HS_converted.txt
Synchronpore Front/SY/884VS_converted.jpeg,/sessions/zen-nice-ritchie/mnt/Frontfarben/Synchronpore Front/SY/884VS_converted.jpeg,Synchronpore Front,SY,884VS,"synchronized pore front SY 884VS, brown textured wood effect kitchen door surface",Synchronpore Front/SY/884VS_converted.txt
Synchronpore Front/SY/229HS_converted.jpeg,/sessions/zen-nice-ritchie/mnt/Frontfarben/Synchronpore Front/SY/229HS_converted.jpeg,Synchronpore Front,SY,229HS,"synchronized pore front SY 229HS, dark blue textured wood effect kitchen door surface",Synchronpore Front/SY/229HS_converted.txt
Synchronpore Front/SY/880VS_converted.jpeg,/sessions/zen-nice-ritchie/mnt/Frontfarben/Synchronpore Front/SY/880VS_converted.jpeg,Synchronpore Front,SY,880VS,"synchronized pore front SY 880VS, dark gray textured wood effect kitchen door surface",Synchronpore Front/SY/880VS_converted.txt
Synchronpore Front/SY/808VS_converted.jpeg,/sessions/zen-nice-ritchie/mnt/Frontfarben/Synchronpore Front/SY/808VS_converted.jpeg,Synchronpore Front,SY,808VS,"synchronized pore front SY 808VS, brown textured wood effect kitchen door surface",Synchronpore Front/SY/808VS_converted.txt
Synchronpore Front/SY/215VS_converted.jpeg,/sessions/zen-nice-ritchie/mnt/Frontfarben/Synchronpore Front/SY/215VS_converted.jpeg,Synchronpore Front,SY,215VS,"synchronized pore front SY 215VS, brown textured wood effect kitchen door surface",Synchronpore Front/SY/215VS_converted.txt
Synchronpore Front/SY/856HS_converted.jpeg,/sessions/zen-nice-ritchie/mnt/Frontfarben/Synchronpore Front/SY/856HS_converted.jpeg,Synchronpore Front,SY,856HS,"synchronized pore front SY 856HS, brown textured wood effect kitchen door surface",Synchronpore Front/SY/856HS_converted.txt
Synchronpore Front/SY/231HS_converted.jpeg,/sessions/zen-nice-ritchie/mnt/Frontfarben/Synchronpore Front/SY/231HS_converted.jpeg,Synchronpore Front,SY,231HS,"synchronized pore front SY 231HS, orange textured wood effect kitchen door surface",Synchronpore Front/SY/231HS_converted.txt
Synchronpore Front/SY/877HS_converted.jpeg,/sessions/zen-nice-ritchie/mnt/Frontfarben/Synchronpore Front/SY/877HS_converted.jpeg,Synchronpore Front,SY,877HS,"synchronized pore front SY 877HS, orange textured wood effect kitchen door surface",Synchronpore Front/SY/877HS_converted.txt
Synchronpore Front/SY/887VS_converted.jpeg,/sessions/zen-nice-ritchie/mnt/Frontfarben/Synchronpore Front/SY/887VS_converted.jpeg,Synchronpore Front,SY,887VS,"synchronized pore front SY 887VS, brown textured wood effect kitchen door surface",Synchronpore Front/SY/887VS_converted.txt
Synchronpore Front/SY/401HS_converted.jpeg,/sessions/zen-nice-ritchie/mnt/Frontfarben/Synchronpore Front/SY/401HS_converted.jpeg,Synchronpore Front,SY,401HS,"synchronized pore front SY 401HS, light brown textured wood effect kitchen door surface",Synchronpore Front/SY/401HS_converted.txt
Synchronpore Front/SY/885HS_converted.jpeg,/sessions/zen-nice-ritchie/mnt/Frontfarben/Synchronpore Front/SY/885HS_converted.jpeg,Synchronpore Front,SY,885HS,"synchronized pore front SY 885HS, orange textured wood effect kitchen door surface",Synchronpore Front/SY/885HS_converted.txt
Synchronpore Front/SY/216VS_converted.jpeg,/sessions/zen-nice-ritchie/mnt/Frontfarben/Synchronpore Front/SY/216VS_converted.jpeg,Synchronpore Front,SY,216VS,"synchronized pore front SY 216VS, dark gray textured wood effect kitchen door surface",Synchronpore Front/SY/216VS_converted.txt
Synchronpore Front/SY/881HS_converted.jpeg,/sessions/zen-nice-ritchie/mnt/Frontfarben/Synchronpore Front/SY/881HS_converted.jpeg,Synchronpore Front,SY,881HS,"synchronized pore front SY 881HS, light brown textured wood effect kitchen door surface",Synchronpore Front/SY/881HS_converted.txt
Synchronpore Front/SY/876HS_converted.jpeg,/sessions/zen-nice-ritchie/mnt/Frontfarben/Synchronpore Front/SY/876HS_converted.jpeg,Synchronpore Front,SY,876HS,"synchronized pore front SY 876HS, brown textured wood effect kitchen door surface",Synchronpore Front/SY/876HS_converted.txt
Synchronpore Front/SY/115HS_converted.jpeg,/sessions/zen-nice-ritchie/mnt/Frontfarben/Synchronpore Front/SY/115HS_converted.jpeg,Synchronpore Front,SY,115HS,"synchronized pore front SY 115HS, dark red textured wood effect kitchen door surface",Synchronpore Front/SY/115HS_converted.txt
Synchronpore Front/SY/402VS_converted.jpeg,/sessions/zen-nice-ritchie/mnt/Frontfarben/Synchronpore Front/SY/402VS_converted.jpeg,Synchronpore Front,SY,402VS,"synchronized pore front SY 402VS, brown textured wood effect kitchen door surface",Synchronpore Front/SY/402VS_converted.txt
Synchronpore Front/SY/230HS_converted.jpeg,/sessions/zen-nice-ritchie/mnt/Frontfarben/Synchronpore Front/SY/230HS_converted.jpeg,Synchronpore Front,SY,230HS,"synchronized pore front SY 230HS, orange textured wood effect kitchen door surface",Synchronpore Front/SY/230HS_converted.txt
Synchronpore Front/SY/855VS_converted.jpeg,/sessions/zen-nice-ritchie/mnt/Frontfarben/Synchronpore Front/SY/855VS_converted.jpeg,Synchronpore Front,SY,855VS,"synchronized pore front SY 855VS, dark gray textured wood effect kitchen door surface",Synchronpore Front/SY/855VS_converted.txt
Synchronpore Front/SY/884HS_converted.jpeg,/sessions/zen-nice-ritchie/mnt/Frontfarben/Synchronpore Front/SY/884HS_converted.jpeg,Synchronpore Front,SY,884HS,"synchronized pore front SY 884HS, brown textured wood effect kitchen door surface",Synchronpore Front/SY/884HS_converted.txt
Synchronpore Front/SY/880HS_converted.jpeg,/sessions/zen-nice-ritchie/mnt/Frontfarben/Synchronpore Front/SY/880HS_converted.jpeg,Synchronpore Front,SY,880HS,"synchronized pore front SY 880HS, dark gray textured wood effect kitchen door surface",Synchronpore Front/SY/880HS_converted.txt
Synchronpore Front/SY/229VS_converted.jpeg,/sessions/zen-nice-ritchie/mnt/Frontfarben/Synchronpore Front/SY/229VS_converted.jpeg,Synchronpore Front,SY,229VS,"synchronized pore front SY 229VS, dark blue textured wood effect kitchen door surface",Synchronpore Front/SY/229VS_converted.txt
Synchronpore Front/SY/808HS_converted.jpeg,/sessions/zen-nice-ritchie/mnt/Frontfarben/Synchronpore Front/SY/808HS_converted.jpeg,Synchronpore Front,SY,808HS,"synchronized pore front SY 808HS, brown textured wood effect kitchen door surface",Synchronpore Front/SY/808HS_converted.txt
Synchronpore Front/SY/215HS_converted.jpeg,/sessions/zen-nice-ritchie/mnt/Frontfarben/Synchronpore Front/SY/215HS_converted.jpeg,Synchronpore Front,SY,215HS,"synchronized pore front SY 215HS, brown textured wood effect kitchen door surface",Synchronpore Front/SY/215HS_converted.txt
